Park Code,Category,Order,Family,Taxa Code,Scientific Name,Synonyms,Common Name,Occurrence,Occurrence Tags,Abundance,Nativeness,Nativeness Tags,Record Status
ACAD,Mammal,Artiodactyla,Cervidae,95052,Alces alces,,Moose,Present,,Rare,Native,,Approved
ACAD,Mammal,Artiodactyla,Cervidae,95046,Odocoileus virginianus,,"Northern White-tailed Deer, Virginia Deer, White-tailed Deer",Present,,Abundant,Native,,Approved
ACAD,Mammal,Carnivora,Canidae,93340,Canis latrans,,"Coyote, Eastern Coyote",Present,,Common,Non-native,,Approved
ACAD,Mammal,Carnivora,Canidae,93337,Canis lupus,,"Eastern Timber Wolf, Gray Wolf, Timber Wolf",Unconfirmed,,,Native,,Approved
ACAD,Mammal,Carnivora,Canidae,93347,Vulpes vulpes,,"Black Fox, Cross Fox, Eastern Red Fox, Fox, Red Fox, Silver Fox",Present,,Common,Unknown,,Approved
ACAD,Mammal,Carnivora,Felidae,93325,Lynx canadensis,,Canada Lynx,Unconfirmed,,,Native,,Approved
ACAD,Mammal,Carnivora,Felidae,93322,Lynx rufus,,"Bay Lynx, Bobcat, Red Lynx, Wild Cat",Present,,,Non-native,,Approved
ACAD,Mammal,Carnivora,Mephitidae,93300,Mephitis mephitis,,"Eastern Skunk, Polecat, Striped Skunk",Not In Park,Historical,,Native,,Approved
ACAD,Mammal,Carnivora,Mustelidae,93311,Lutra canadensis,,"Otter, River Otter",Present,,Common,Native,,Approved
ACAD,Mammal,Carnivora,Mustelidae,93298,Martes pennanti,,"Blackcat, Fisher, Pekan",Present,,Rare,Native,,Approved
ACAD,Mammal,Carnivora,Mustelidae,93289,Mustela,,Weasel,Unconfirmed,,,Unknown,,In Review
ACAD,Mammal,Carnivora,Mustelidae,93292,Mustela erminea,,"Bonaparte Weasel, Bonaparte's Weasel, Ermine, Short-tailed Weasel",Present,,Uncommon,Native,,Approved
ACAD,Mammal,Carnivora,Mustelidae,93293,Mustela frenata,,"Long-tailed Weasel, New York Weasel, Northern Long-tailed Weasel",Present,,Uncommon,Native,,Approved
ACAD,Mammal,Carnivora,Mustelidae,151663,Mustela macrodon,,"Ancient Sea Mink, Big Sea Mink, Sea Mink",Unconfirmed,,,Native,,Approved
ACAD,Mammal,Carnivora,Mustelidae,93290,Mustela vison,,"American Mink, Mink",Present,,Uncommon,Native,,Approved
ACAD,Mammal,Carnivora,Odobenidae,93385,Odobenus rosmarus,,Walrus,Unconfirmed,,,Non-native,,Approved
ACAD,Mammal,Carnivora,Phocidae,93401,Halichoerus grypus,,Gray Seal,Unconfirmed,,,Native,,Approved
ACAD,Mammal,Carnivora,Phocidae,93396,Phoca vitulina,,"Common Seal, Hair Seal, Harbor Seal",Unconfirmed,,,Native,,Approved
ACAD,Mammal,Carnivora,Procyonidae,93314,Procyon lotor,,"Common Raccoon, Raccoon",Present,,Common,Native,,Approved
ACAD,Mammal,Carnivora,Ursidae,93280,Ursus americanus,,Black Bear,Present,,Occasional,Native,,Approved
ACAD,Mammal,Chiroptera,Vespertilionidae,88730,Eptesicus fuscus,,"Big Brown Bat, Common Brown Bat",Present,,Uncommon,Native,,Approved
ACAD,Mammal,Chiroptera,Vespertilionidae,88737,Lasionycteris noctivagans,,Silver-haired Bat,Present,,Unknown,Native,,Approved
ACAD,Mammal,Chiroptera,Vespertilionidae,88739,Lasiurus borealis,,"Eastern Red Bat, New York Bat, Northern Red Bat, Red Bat",Present,,Occasional,Native,,Approved
ACAD,Mammal,Chiroptera,Vespertilionidae,88740,Lasiurus cinereus,,Hoary Bat,Present,,Unknown,Native,,Approved
ACAD,Mammal,Chiroptera,Vespertilionidae,88707,Myotis keenii,,"Keen's Myotis, Northern Long-eared Bat, Northern Myotis, Say's Bat",Present,,Common,Native,,Approved
ACAD,Mammal,Chiroptera,Vespertilionidae,88718,Myotis leibii,,"Eastern Small-footed Myotis, Small-footed Myotis",Not In Park,Historical,,Native,,Approved
ACAD,Mammal,Chiroptera,Vespertilionidae,88706,Myotis lucifugus,,"Little Brown Bat, Little Brown Myotis",Present,,Common,Native,,Approved
ACAD,Mammal,Chiroptera,Vespertilionidae,88749,Pipistrellus subflavus,,"Eastern Pipistrelle, Northern Georgian Bat",Not In Park,False Report,,Non-native,,Approved
ACAD,Mammal,Eulipotyphla,Soricidae,88683,Blarina brevicauda,,"Mole Shrew, Northern Short-tailed Shrew, Short-tailed Shrew",Present,,Uncommon,Native,,Approved
ACAD,Mammal,Eulipotyphla,Soricidae,88122,Sorex cinereus,,Masked Shrew,Present,,Abundant,Native,,Approved
ACAD,Mammal,Eulipotyphla,Soricidae,88657,Sorex fumeus,,"Northern Smoky Shrew, Smoky Shrew",Present,,Uncommon,Native,,Approved
ACAD,Mammal,Eulipotyphla,Soricidae,88660,Sorex hoyi,,"Hoy's Pygmy Shrew, Pygmy Shrew, Thompson's Pygmy Shrew",Present,,Common,Native,,Approved
ACAD,Mammal,Eulipotyphla,Soricidae,88127,Sorex palustris,,"Northern Water Shrew, Water Shrew, White-lipped Water Shrew",Present,,Uncommon,Native,,Approved
ACAD,Mammal,Eulipotyphla,Talpidae,88680,Condylura cristata,,Star-nosed Mole,Present,,Common,Native,,Approved
ACAD,Mammal,Eulipotyphla,Talpidae,88694,Parascalops breweri,,"Brewer's Mole, Hairy-tailed Mole",Unconfirmed,,,Native,,Approved
ACAD,Mammal,Lagomorpha,Leporidae,89638,Lepus americanus,,"Snowshoe Hare, Varying Hare",Present,,Common,Native,,Approved
ACAD,Mammal,Rodentia,Castoridae,90673,Castor canadensis,,"American Beaver, Beaver, Canadian Beaver",Present,,Common,Non-native,,Approved
ACAD,Mammal,Rodentia,Cricetidae,90763,Clethrionomys gapperi,,"Boreal Redback Vole, Red-backed Mouse, Red-backed Vole, Southern Red-backed Vole, White-Mountain Red-backed Mouse",Present,,Common,Native,,Approved
ACAD,Mammal,Rodentia,Cricetidae,90766,Microtus pennsylvanicus,,"Field Mouse, Meadow Mouse, Meadow Vole",Not In Park,Historical,,Native,,Approved
ACAD,Mammal,Rodentia,Cricetidae,91709,Ondatra zibethicus,,"Common Muskrat, Muskrat, Musquash, Water Rat",Not In Park,Historical,,Native,,Approved
ACAD,Mammal,Rodentia,Cricetidae,90745,Peromyscus leucopus,,White-footed Mouse,Present,,Common,Native,,Approved
ACAD,Mammal,Rodentia,Cricetidae,90743,Peromyscus maniculatus,,Deer Mouse,Present,,Abundant,Native,,Approved
ACAD,Mammal,Rodentia,Cricetidae,91716,Synaptomys cooperi,,"Cooper Lemming Mouse, Southern Bog Lemming",Present,,Rare,Native,,Approved
ACAD,Mammal,Rodentia,Dipodidae,91789,Napaeozapus insignis,,Woodland Jumping Mouse,Present,,Rare,Native,,Approved
ACAD,Mammal,Rodentia,Dipodidae,91784,Zapus hudsonius,,"Hudson Bay Jumping Mouse, Kangaroo Mouse, Meadow Jumping Mouse",Present,,Uncommon,Native,,Approved
ACAD,Mammal,Rodentia,Erethizontidae,91792,Erethizon dorsatum,,"Hedgehog, Porcupine",Present,,Common,Non-native,,Approved
ACAD,Mammal,Rodentia,Muridae,91762,Mus musculus,,House Mouse,Not In Park,Historical,,Non-native,,Approved
ACAD,Mammal,Rodentia,Muridae,91759,Rattus norvegicus,,"Brown Rat, Norway Rat",Unconfirmed,,,Non-native,,Approved
ACAD,Mammal,Rodentia,Sciuridae,89699,Glaucomys,,Glaucomys sp.,Unconfirmed,,,Non-native,,In Review
ACAD,Mammal,Rodentia,Sciuridae,89700,Glaucomys sabrinus,,"Mearns Flying Squirrel, Northern Flying Squirrel",Present,,Common,Native,,Approved
ACAD,Mammal,Rodentia,Sciuridae,89702,Glaucomys volans,,Southern Flying Squirrel,Unconfirmed,,,Non-native,,Approved
ACAD,Mammal,Rodentia,Sciuridae,89665,Marmota monax,,"Groundhog, New England Woodchuck, Woodchuck",Present,,Common,Non-native,,Approved
ACAD,Mammal,Rodentia,Sciuridae,89707,Sciurus carolinensis,,"Eastern Gray Squirrel, Gray Squirrel, Northern Gray Squirrel",Present,,Common,Non-native,,Approved
ACAD,Mammal,Rodentia,Sciuridae,90667,Tamias striatus,,"Northeastern Chipmunk, Striped Squirrel, Eastern Chipmunk, Ground Squirrel, Lyster Chipmunk",Present,,Abundant,Native,,Approved
ACAD,Mammal,Rodentia,Sciuridae,89697,Tamiasciurus hudsonicus,,"Chickaree, Red Squirrel",Present,,Common,Native,,Approved
ACAD,Bird,Accipitriformes,Accipitridae,79517,Accipiter cooperii,,Cooper's Hawk,Present,,Uncommon,Native,,Approved
ACAD,Bird,Accipitriformes,Accipitridae,79508,Accipiter gentilis,,"Eastern Goshawk, Goshawk, Northern Goshawk",Present,,Uncommon,Native,,Approved
ACAD,Bird,Accipitriformes,Accipitridae,79512,Accipiter striatus,,"Northern Sharp-shinned Hawk, Sharp-shinned Hawk",Present,,Common,Native,,Approved
ACAD,Bird,Accipitriformes,Accipitridae,80429,Aquila chrysaetos,,"American Golden Eagle, Golden Eagle",Present,,Occasional,Native,,Approved
ACAD,Bird,Accipitriformes,Accipitridae,79563,Buteo jamaicensis,,"Eastern Red-tailed Hawk, Red-tailed Hawk",Present,,Common,Native,,Approved
ACAD,Bird,Accipitriformes,Accipitridae,80391,Buteo lagopus,,"American Rough-legged Hawk, Rough-legged Hawk",Present,,Uncommon,Native,,Approved
ACAD,Bird,Accipitriformes,Accipitridae,79572,Buteo lineatus,,"Northern Red-shouldered Hawk, Red-shouldered Hawk",Present,,Occasional,Native,,Approved
ACAD,Bird,Accipitriformes,Accipitridae,79579,Buteo platypterus,,"Broad-winged Hawk, Northern Broad-winged Hawk",Present,,Common,Native,,Approved
ACAD,Bird,Accipitriformes,Accipitridae,79581,Buteo swainsoni,,Swainson's Hawk,Unconfirmed,,,Unknown,,Approved
ACAD,Bird,Accipitriformes,Accipitridae,80455,Circus cyaneus,,"American Marsh Hawk, Marsh Hawk, Northern Harrier",Present,,Uncommon,Native,,Approved
ACAD,Bird,Accipitriformes,Accipitridae,80444,Haliaeetus leucocephalus,,"Bald Eagle, Northern Bald Eagle",Present,,Common,Native,,Approved
ACAD,Bird,Accipitriformes,Cathartidae,79468,Cathartes aura,,"Eastern Turkey Vulture, Turkey Vulture",Present,,Common,Native,,Approved
ACAD,Bird,Accipitriformes,Pandionidae,81838,Pandion haliaetus,,"American Osprey, Fish Hawk, Osprey",Present,,Common,Native,,Approved
ACAD,Bird,Anseriformes,Anatidae,77836,Aix sponsa,,Wood Duck,Present,,Common,Native,,Approved
ACAD,Bird,Anseriformes,Anatidae,77782,Anas acuta,,"American Pintail, Northern Pintail, Pintail",Present,,Rare,Native,,Approved
ACAD,Bird,Anseriformes,Anatidae,77804,Anas americana,,"American Wigeon, Baldpate",Present,,Uncommon,Native,,Approved
ACAD,Bird,Anseriformes,Anatidae,77806,Anas clypeata,,"Northern shoveler, Shoveller",Unconfirmed,,,Native,,Approved
ACAD,Bird,Anseriformes,Anatidae,77790,Anas crecca,,Green-winged Teal,Present,,Common,Native,,Approved
ACAD,Bird,Anseriformes,Anatidae,77795,Anas discors,,Blue-winged Teal,Present,,Uncommon,Native,,Approved
ACAD,Bird,Anseriformes,Anatidae,77802,Anas penelope,,"Eurasian Wigeon, European Widgeon, Widgeon",Present,,Unknown,Non-native,,Approved
ACAD,Bird,Anseriformes,Anatidae,77770,Anas platyrhynchos,,"Common Mallard, Mallard",Present,,Common,Unknown,,Approved
ACAD,Bird,Anseriformes,Anatidae,77775,Anas rubripes,,"American Black Duck, Black Duck, Common Black Duck, Red-legged Black Duck",Present,,Abundant,Native,,Approved
ACAD,Bird,Anseriformes,Anatidae,77781,Anas strepera,,Gadwall,Present,,Unknown,Non-native,,Approved
ACAD,Bird,Anseriformes,Anatidae,77723,Anser albifrons,,"Common White-fronted Goose, Greater White-fronted Goose",Present,,Occasional,Unknown,,Approved
ACAD,Bird,Anseriformes,Anatidae,78519,Aythya affinis,,"Lesser Scaup, Lesser Scaup Duck",Unconfirmed,,,Unknown,,Approved
ACAD,Bird,Anseriformes,Anatidae,77839,Aythya americana,,Redhead,Unconfirmed,,,Non-native,,Approved
ACAD,Bird,Anseriformes,Anatidae,78512,Aythya collaris,,Ring-necked Duck,Present,,Common,Native,,Approved
ACAD,Bird,Anseriformes,Anatidae,78515,Aythya marila,,"Greater Scaup, Greater Scaup Duck",Present,,Common,Native,,Approved
ACAD,Bird,Anseriformes,Anatidae,78513,Aythya valisineria,,Canvasback,Present,,Occasional,Non-native,,Approved
ACAD,Bird,Anseriformes,Anatidae,77713,Branta bernicla,,"American Brant, Brant",Probably Present,,,Native,,Approved
ACAD,Bird,Anseriformes,Anatidae,76625,Branta canadensis,,"Canada Goose, Eastern Canada Goose",Present,,Common,Unknown,,Approved
ACAD,Bird,Anseriformes,Anatidae,78531,Bucephala albeola,,"Bufflehead, Buffle-head",Present,,Abundant,Native,,Approved
ACAD,Bird,Anseriformes,Anatidae,78527,Bucephala clangula,,"American Golden-eye, Common Goldeneye",Present,,Common,Native,,Approved
ACAD,Bird,Anseriformes,Anatidae,78530,Bucephala islandica,,Barrow's Goldeneye,Unconfirmed,,,Unknown,,Approved
ACAD,Bird,Anseriformes,Anatidae,78538,Camptorhynchus labradorius,,Labrador Duck,Unconfirmed,,,Native,,Approved
ACAD,Bird,Anseriformes,Anatidae,77742,Chen caerulescens,,"Blue Goose, Snow Goose",Present,,Occasional,Native,,Approved
ACAD,Bird,Anseriformes,Anatidae,78533,Clangula hyemalis,,"Long-tailed Duck, Old Squaw, Oldsquaw",Unconfirmed,,,Native,,Approved
ACAD,Bird,Anseriformes,Anatidae,76612,Cygnus columbianus,,"Tundra Swan, Whistling Swan",Unconfirmed,,,Unknown,,Approved
ACAD,Bird,Anseriformes,Anatidae,78535,Histrionicus histrionicus,,"Eastern Harlequin Duck, Harlequin Duck",Present,,Common,Native,,Approved
ACAD,Bird,Anseriformes,Anatidae,78573,Lophodytes cucullatus,,Hooded Merganser,Present,,Uncommon,Native,,Approved
ACAD,Bird,Anseriformes,Anatidae,78551,Melanitta fusca,,"Eastern White-winged Scoter, White-winged Coot, White-winged Scoter",Unconfirmed,,,Native,,Approved
ACAD,Bird,Anseriformes,Anatidae,78560,Melanitta nigra,,"American Common Scoter, American Scoter, Black Scoter, Butter-bill, Common Scoter",Unconfirmed,,,Native,,Approved
ACAD,Bird,Anseriformes,Anatidae,78559,Melanitta perspicillata,,Surf Scoter,Unconfirmed,,,Native,,Approved
ACAD,Bird,Anseriformes,Anatidae,78575,Mergus merganser,,"American Merganser, Common Merganser",Present,,Uncommon,Native,,Approved
ACAD,Bird,Anseriformes,Anatidae,78577,Mergus serrator,,Red-breasted Merganser,Present,,Common,Native,,Approved
ACAD,Bird,Anseriformes,Anatidae,78564,Oxyura jamaicensis,,"Northern Ruddy Duck, Ruddy Duck",Unconfirmed,,,Unknown,,Approved
ACAD,Bird,Anseriformes,Anatidae,78542,Somateria mollissima,,"American Eider, Common Eider, Eider Duck, Northern Eider",Present,,Abundant,Native,,Approved
ACAD,Bird,Anseriformes,Anatidae,78548,Somateria spectabilis,,King Eider,Unconfirmed,,,Unknown,,Approved
ACAD,Bird,Apodiformes,Apodidae,83046,Chaetura pelagica,,Chimney Swift,Present,,Common,Native,,Approved
ACAD,Bird,Apodiformes,Trochilidae,83884,Archilochus colubris,,Ruby-throated Hummingbird,Present,,Common,Native,,Approved
ACAD,Bird,Apodiformes,Trochilidae,83893,Selasphorus rufus,,Rufous Hummingbird,Unconfirmed,,,Non-native,,Approved
ACAD,Bird,Caprimulgiformes,Caprimulgidae,82999,Caprimulgus carolinensis,,Chuck-will's-widow,Unconfirmed,,,Non-native,,Approved
ACAD,Bird,Caprimulgiformes,Caprimulgidae,83000,Caprimulgus vociferus,,"Eastern Whip-poor-will, Whip-poor-will",Present,,Common,Native,,Approved
ACAD,Bird,Caprimulgiformes,Caprimulgidae,83019,Chordeiles minor,,"Common Nighthawk, Eastern Nighthawk",Present,,Common,Native,,Approved
ACAD,Bird,Charadriiformes,Alcidae,81897,Alca torda,,"Northern Razor-billed Auk, Razorbill",Unconfirmed,,,Unknown,,Approved
ACAD,Bird,Charadriiformes,Alcidae,81909,Alle alle,,"Common Dovekie, Dovekie",Unconfirmed,,,Unknown,,Approved
ACAD,Bird,Charadriiformes,Alcidae,81912,Cepphus grylle,,"Black Guillemot, Sea Pigeon, Southern Black Guillemot",Present,,Common,Native,,Approved
ACAD,Bird,Charadriiformes,Alcidae,81958,Fratercula arctica,,Atlantic Puffin,Unconfirmed,,,Unknown,,Approved
ACAD,Bird,Charadriiformes,Alcidae,81971,Pinguinus impennis,,Great Auk,Not In Park,Historical,,Native,,Approved
ACAD,Bird,Charadriiformes,Alcidae,81900,Uria aalge,,"Atlantic Murre, Common Murre",Not In Park,Historical,,Native,,Approved
ACAD,Bird,Charadriiformes,Alcidae,81904,Uria lomvia,,"Brunnich's Murre, Brunnich's Thick-billed Murre, Thick-billed Murre",Unconfirmed,,,Native,,Approved
ACAD,Bird,Charadriiformes,Charadriidae,77631,Charadrius melodus,,"Eastern Piping Plover, Piping Plover",Unconfirmed,,,Native,,Approved
ACAD,Bird,Charadriiformes,Charadriidae,77630,Charadrius semipalmatus,,"Ringed Plover, Semipalmated Plover, Semipalmated Ringed Plover",Unconfirmed,,,Native,,Approved
ACAD,Bird,Charadriiformes,Charadriidae,77646,Charadrius vociferus,,"Killdeer, Northern Killdeer",Present,,Common,Native,,Approved
ACAD,Bird,Charadriiformes,Charadriidae,77694,Pluvialis dominica,,"American Golden Plover, American Golden-Plover, Eastern American Golden Plover",Unconfirmed,,,Native,,Approved
ACAD,Bird,Charadriiformes,Charadriidae,77697,Pluvialis squatarola,,Black-bellied Plover,Present,,Common,Native,,Approved
ACAD,Bird,Charadriiformes,Haematopodidae,77592,Haematopus palliatus,,"American Oystercatcher, Eastern American Oystercatcher",Unconfirmed,,,Non-native,,Approved
ACAD,Bird,Charadriiformes,Laridae,81883,Chlidonias niger,,"American Black Tern, Black Tern",Unconfirmed,,,Native,,Approved
ACAD,Bird,Charadriiformes,Laridae,81064,Larus argentatus,,"American Herring Gull, Herring Gull",Present,,Abundant,Native,,Approved
ACAD,Bird,Charadriiformes,Laridae,81078,Larus atricilla,,Laughing Gull,Present,,Common,Native,,Approved
ACAD,Bird,Charadriiformes,Laridae,81071,Larus delawarensis,,Ring-billed Gull,Present,,Common,Native,,Approved
ACAD,Bird,Charadriiformes,Laridae,81061,Larus fuscus,,Lesser Black-backed Gull,Unconfirmed,,,Non-native,,Approved
ACAD,Bird,Charadriiformes,Laridae,80380,Larus glaucoides,,"Eastern Iceland Gull, Iceland Gull",Unconfirmed,,,Native,,Approved
ACAD,Bird,Charadriiformes,Laridae,80376,Larus hyperboreus,,"Eastern Glaucous Gull, Glaucous Gull",Unconfirmed,,,Native,,Approved
ACAD,Bird,Charadriiformes,Laridae,80384,Larus marinus,,Great Black-backed Gull,Present,,Abundant,Native,,Approved
ACAD,Bird,Charadriiformes,Laridae,81082,Larus minutus,,Little Gull,Unconfirmed,,,Non-native,,Approved
ACAD,Bird,Charadriiformes,Laridae,81080,Larus philadelphia,,Bonaparte's Gull,Unconfirmed,,,Native,,Approved
ACAD,Bird,Charadriiformes,Laridae,81079,Larus pipixcan,,Franklin's Gull,Unconfirmed,,,Non-native,,Approved
ACAD,Bird,Charadriiformes,Laridae,81076,Larus ridibundus,,"Black-headed Gull, Western Black-headed Gull",Unconfirmed,,,Non-native,,Approved
ACAD,Bird,Charadriiformes,Laridae,81094,Pagophila eburnea,,Ivory Gull,Unconfirmed,,,Non-native,,Approved
ACAD,Bird,Charadriiformes,Laridae,81120,Rissa tridactyla,,"Atlantic Kittiwake, Black-legged Kittiwake",Unconfirmed,,,Native,,Approved
ACAD,Bird,Charadriiformes,Laridae,266845,Rynchops niger,,"Black Skimmer, Northern Black Skimmer",Unconfirmed,,,Non-native,,Approved
ACAD,Bird,Charadriiformes,Laridae,81174,Sterna antillarum,,"Eastern Least Tern, Least Tern",Not In Park,Historical,,Non-native,,Approved
ACAD,Bird,Charadriiformes,Laridae,81175,Sterna caspia,,Caspian Tern,Unconfirmed,,,Non-native,,Approved
ACAD,Bird,Charadriiformes,Laridae,81138,Sterna dougallii,,"Northern Roseate Tern, Roseate Tern",Unconfirmed,,,Native,,Approved
ACAD,Bird,Charadriiformes,Laridae,81141,Sterna fuscata,,"Eastern Sooty Tern, Sooty Tern",Unconfirmed,,,Non-native,,Approved
ACAD,Bird,Charadriiformes,Laridae,81134,Sterna hirundo,,"Common Tern, Northern Common Tern",Present,,Common,Native,,Approved
ACAD,Bird,Charadriiformes,Laridae,81173,Sterna maxima,,Royal Tern,Unconfirmed,,,Non-native,,Approved
ACAD,Bird,Charadriiformes,Laridae,81137,Sterna paradisaea,,Arctic Tern,Unconfirmed,,,Native,,Approved
ACAD,Bird,Charadriiformes,Laridae,81110,Xema sabini,,"Northern Sabine's Gull, Sabine's Gull",Unconfirmed,,,Non-native,,Approved
ACAD,Bird,Charadriiformes,Recurvirostridae,80280,Recurvirostra americana,,"American Avocet, Avocet",Present,,Unknown,Non-native,,Approved
ACAD,Bird,Charadriiformes,Scolopacidae,79222,Actitis macularia,,Spotted Sandpiper,Present,,Common,Native,,Approved
ACAD,Bird,Charadriiformes,Scolopacidae,77702,Arenaria interpres,,Ruddy Turnstone,Present,,Common,Native,,Approved
ACAD,Bird,Charadriiformes,Scolopacidae,79220,Bartramia longicauda,,"Bartramian Sandpiper, Upland Plover, Upland Sandpiper",Present,,Rare,Native,,Approved
ACAD,Bird,Charadriiformes,Scolopacidae,79284,Calidris alba,,Sanderling,Unconfirmed,,,Native,,Approved
ACAD,Bird,Charadriiformes,Scolopacidae,79276,Calidris alpina,,"Dunlin, Red-backed Dunlin, Red-backed Sandpiper",Unconfirmed,,,Native,,Approved
ACAD,Bird,Charadriiformes,Scolopacidae,79269,Calidris bairdii,,Baird's Sandpiper,Not In Park,Historical,,Non-native,,Approved
ACAD,Bird,Charadriiformes,Scolopacidae,79255,Calidris canutus,,"American Knot, Knot, Red Knot",Unconfirmed,,,Native,,Approved
ACAD,Bird,Charadriiformes,Scolopacidae,79268,Calidris fuscicollis,,White-rumped Sandpiper,Present,,Uncommon,Native,,Approved
ACAD,Bird,Charadriiformes,Scolopacidae,266972,Calidris himantopus,,Stilt Sandpiper,Not In Park,Historical,,Non-native,,Approved
ACAD,Bird,Charadriiformes,Scolopacidae,79259,Calidris maritima,,Purple Sandpiper,Present,,Common,Native,,Approved
ACAD,Bird,Charadriiformes,Scolopacidae,79283,Calidris mauri,,Western Sandpiper,Unconfirmed,,,Non-native,,Approved
ACAD,Bird,Charadriiformes,Scolopacidae,79267,Calidris melanotos,,Pectoral Sandpiper,Present,,Rare,Native,,Approved
ACAD,Bird,Charadriiformes,Scolopacidae,79270,Calidris minutilla,,Least Sandpiper,Present,,Common,Native,,Approved
ACAD,Bird,Charadriiformes,Scolopacidae,79282,Calidris pusilla,,Semipalmated Sandpiper,Present,,Abundant,Native,,Approved
ACAD,Bird,Charadriiformes,Scolopacidae,79250,Catoptrophorus semipalmatus,,"Eastern Willet, Willet",Unconfirmed,,,Native,,Approved
ACAD,Bird,Charadriiformes,Scolopacidae,80257,Gallinago gallinago,,"Common Snipe, Wilson's Common Snipe, Wilson's Snipe",Present,,Rare,Native,,Approved
ACAD,Bird,Charadriiformes,Scolopacidae,79291,Limnodromus griseus,,"Eastern Dowitcher, Short-billed Dowitcher",Present,,Abundant,Native,,Approved
ACAD,Bird,Charadriiformes,Scolopacidae,79295,Limnodromus scolopaceus,,Long-billed Dowitcher,Unconfirmed,,,Non-native,,Approved
ACAD,Bird,Charadriiformes,Scolopacidae,79308,Limosa haemastica,,Hudsonian Godwit,Not In Park,Historical,,Native,,Approved
ACAD,Bird,Charadriiformes,Scolopacidae,79200,Numenius americanus,,"Long-billed Curlew, Southern Long-billed Curlew",Unconfirmed,,,Non-native,,Approved
ACAD,Bird,Charadriiformes,Scolopacidae,79214,Numenius borealis,,Eskimo Curlew,Unconfirmed,,,Native,,Approved
ACAD,Bird,Charadriiformes,Scolopacidae,79206,Numenius phaeopus,,"Hudsonian Curlew, Hudsonian Whimbrel, Whimbrel",Present,,Rare,Native,,Approved
ACAD,Bird,Charadriiformes,Scolopacidae,265861,Phalaropus fulicaria,,Red Phalarope,Not In Park,Historical,,Non-native,,Approved
ACAD,Bird,Charadriiformes,Scolopacidae,80295,Phalaropus lobatus,,"Northern Phalarope, Red-necked Phalarope",Unconfirmed,,,Native,,Approved
ACAD,Bird,Charadriiformes,Scolopacidae,80296,Phalaropus tricolor,,Wilson's Phalarope,Unconfirmed,,,Non-native,,Approved
ACAD,Bird,Charadriiformes,Scolopacidae,79186,Scolopax minor,,American Woodcock,Present,,Common,Native,,Approved
ACAD,Bird,Charadriiformes,Scolopacidae,79231,Tringa flavipes,,"Lesser Yellowlegs, Lesser Yellow-legs",Present,,Uncommon,Native,,Approved
ACAD,Bird,Charadriiformes,Scolopacidae,79229,Tringa melanoleuca,,"Greater Yellowlegs, Greater Yellow-legs",Present,,Common,Native,,Approved
ACAD,Bird,Charadriiformes,Scolopacidae,79225,Tringa solitaria,,"Eastern Solitary Sandpiper, Solitary Sandpiper",Present,,Common,Native,,Approved
ACAD,Bird,Charadriiformes,Stercorariidae,80362,Catharacta skua,,Great Skua,Unconfirmed,,,Non-native,,Approved
ACAD,Bird,Charadriiformes,Stercorariidae,80360,Stercorarius longicaudus,,Long-tailed Jaeger,Unconfirmed,,,Non-native,,Approved
ACAD,Bird,Charadriiformes,Stercorariidae,80359,Stercorarius parasiticus,,Parasitic Jaeger,Unconfirmed,,,Non-native,,Approved
ACAD,Bird,Charadriiformes,Stercorariidae,80358,Stercorarius pomarinus,,Pomarine Jaeger,Not In Park,False Report,,Non-native,,Approved
ACAD,Bird,Columbiformes,Columbidae,82677,Columba livia,,"Domestic Pigeon, Feral Pigeon, Pigeon, Rock Dove",Unconfirmed,,,Non-native,,Approved
ACAD,Bird,Columbiformes,Columbidae,82745,Ectopistes migratorius,,Passenger Pigeon,Unconfirmed,,,Native,,Approved
ACAD,Bird,Columbiformes,Columbidae,82737,Zenaida macroura,,"Eastern Mourning Dove, Mourning Dove",Present,,Common,Native,,Approved
ACAD,Bird,Coraciiformes,Alcedinidae,83980,Ceryle alcyon,,"Belted Kingfisher, Eastern Belted Kingfisher",Present,,Common,Native,,Approved
ACAD,Bird,Cuculiformes,Cuculidae,89102,Coccyzus americanus,,"Eastern Yellow-billed Cuckoo, Yellow-billed Cuckoo",Present,,Unknown,Non-native,,Approved
ACAD,Bird,Cuculiformes,Cuculidae,89105,Coccyzus erythropthalmus,,Black-billed Cuckoo,Present,,Rare,Native,,Approved
ACAD,Bird,Falconiformes,Falconidae,82533,Falco columbarius,,"Eastern Pigeon Hawk, Merlin, Pigeon Hawk",Present,,Common,Native,,Approved
ACAD,Bird,Falconiformes,Falconidae,81854,Falco peregrinus,,"American Peregrine Falcon, Duck Hawk, Peregrine Falcon",Present,,Uncommon,Non-native,,Approved
ACAD,Bird,Falconiformes,Falconidae,81847,Falco rusticolus,,"American Gyrfalcon, Gyrfalcon, White Gyrfalcon",Present,,Unknown,Non-native,,Approved
ACAD,Bird,Falconiformes,Falconidae,82543,Falco sparverius,,"American Kestrel, Eastern Sparrow Hawk, Northern Sparrow Hawk, Sparrow Hawk",Present,,Common,Native,,Approved
ACAD,Bird,Galliformes,Odontophoridae,84281,Colinus virginianus,,"Bob-white, Northern Bobwhite",Unconfirmed,,,Non-native,,Approved
ACAD,Bird,Galliformes,Phasianidae,83131,Bonasa umbellus,,"Canada Ruffed Grouse, Partridge, Ruffed Grouse, Timber Grouse",Present,,Common,Native,,Approved
ACAD,Bird,Galliformes,Phasianidae,263111,Falcipennis canadensis,,"Canada Grouse, Canada Spruce Grouse, Haith Hen, Heath Hen, Spruce Grouse, Spruce Partridge",Present,,Rare,Native,,Approved
ACAD,Bird,Galliformes,Phasianidae,86451,Meleagris gallopavo,,"Eastern Turkey, Wild Turkey",Unconfirmed,,,Non-native,,Approved
ACAD,Bird,Galliformes,Phasianidae,84339,Perdix perdix,,"Common Partridge, European Gray Partridge, European Partridge, Gray Partridge",Not In Park,Historical,,Non-native,,Approved
ACAD,Bird,Galliformes,Phasianidae,84328,Phasianus colchicus,,"Pheasant, Ring-necked Pheasant",Unconfirmed,,,Non-native,,Approved
ACAD,Bird,Galliformes,Phasianidae,83181,Tympanuchus cupido cupido,,Heath Hen,Not In Park,False Report,,,,In Review
ACAD,Bird,Gaviiformes,Gaviidae,81671,Gavia immer,,"Common Loon, Greater Common Loon",Present,,Common,Native,,Approved
ACAD,Bird,Gaviiformes,Gaviidae,81678,Gavia pacifica,,Pacific Loon,Unconfirmed,,,Non-native,,Approved
ACAD,Bird,Gaviiformes,Gaviidae,81677,Gavia stellata,,Red-throated Loon,Unconfirmed,,,Native,,Approved
ACAD,Bird,Gruiformes,Gruidae,86496,Grus canadensis,,Sandhill Crane,Unconfirmed,,,Non-native,,Approved
ACAD,Bird,Gruiformes,Rallidae,87290,Fulica americana,,"American Coot, Northern American Coot",Present,,Unknown,Non-native,,Approved
ACAD,Bird,Gruiformes,Rallidae,87281,Gallinula chloropus,,"Common Gallinule, Common Moorhen, Florida Gallinule",Present,,Occasional,Native,,Approved
ACAD,Bird,Gruiformes,Rallidae,87277,Porphyrula martinica,,Purple Gallinule,Present,,Unknown,Non-native,,Approved
ACAD,Bird,Gruiformes,Rallidae,87235,Porzana carolina,,"Sora Rail, Sora",Present,,Common,Native,,Approved
ACAD,Bird,Gruiformes,Rallidae,86530,Rallus elegans,,"King Rail, Northern King Rail",Unconfirmed,,,Non-native,,Approved
ACAD,Bird,Gruiformes,Rallidae,87212,Rallus limicola,,"Northern Virginia Rail, Virginia Rail",Present,,Rare,Native,,Approved
ACAD,Bird,Gruiformes,Rallidae,86532,Rallus longirostris,,"Clapper Rail, Northern Clapper Rail",Not In Park,Historical,,Non-native,,Approved
ACAD,Bird,Passeriformes,Alaudidae,264079,Eremophila alpestris,,"Horned Lark, Northern Horned Lark",Present,,Uncommon,Native,,Approved
ACAD,Bird,Passeriformes,Bombycillidae,88296,Bombycilla cedrorum,,Cedar Waxwing,Present,,Abundant,Native,,Approved
ACAD,Bird,Passeriformes,Bombycillidae,88292,Bombycilla garrulus,,"Bohemian Waxwing, Greater Waxwing",Present,,Unknown,Native,,Approved
ACAD,Bird,Passeriformes,Calcariidae,85681,Calcarius lapponicus,,"Common Lapland Longspur, Lapland Longspur",Unconfirmed,,,Native,,Approved
ACAD,Bird,Passeriformes,Calcariidae,85688,Plectrophenax nivalis,,"Eastern Snow Bunting, Snow Bunting, Snowflake",Present,,Common,Native,,Approved
ACAD,Bird,Passeriformes,Cardinalidae,94228,Cardinalis cardinalis,,"Eastern Cardinal, Northern Cardinal",Unconfirmed,,,Native,,Approved
ACAD,Bird,Passeriformes,Cardinalidae,94251,Guiraca caerulea,,"Blue Grosbeak, Eastern Blue Grosbeak",Unconfirmed,,,Non-native,,Approved
ACAD,Bird,Passeriformes,Cardinalidae,94258,Passerina amoena,,Lazuli Bunting,Unconfirmed,,,Non-native,,Approved
ACAD,Bird,Passeriformes,Cardinalidae,94263,Passerina ciris,,Painted Bunting,Unconfirmed,,,Non-native,,Approved
ACAD,Bird,Passeriformes,Cardinalidae,94257,Passerina cyanea,,Indigo Bunting,Present,,Rare,Native,,Approved
ACAD,Bird,Passeriformes,Cardinalidae,94244,Pheucticus ludovicianus,,Rose-breasted Grosbeak,Present,,Common,Native,,Approved
ACAD,Bird,Passeriformes,Cardinalidae,88070,Piranga ludoviciana,,Western Tanager,Not In Park,False Report,,Non-native,,Approved
ACAD,Bird,Passeriformes,Cardinalidae,88071,Piranga olivacea,,Scarlet Tanager,Present,,Rare,Native,,Approved
ACAD,Bird,Passeriformes,Cardinalidae,88076,Piranga rubra,,"Eastern Summer Tanager, Summer Tanager",Unconfirmed,,,Non-native,,Approved
ACAD,Bird,Passeriformes,Cardinalidae,94273,Spiza americana,,Dickcissel,Unconfirmed,,,Non-native,,Approved
ACAD,Bird,Passeriformes,Certhiidae,90967,Certhia americana,,"Brown Creeper, Eastern Brown Creeper",Present,,Common,Native,,Approved
ACAD,Bird,Passeriformes,Corvidae,87106,Corvus brachyrhynchos,,"American Crow, Common Crow, Crow, Eastern Crow",Present,,Common,Native,,Approved
ACAD,Bird,Passeriformes,Corvidae,87099,Corvus corax,,"Common Raven, Northern Raven, Raven",Present,,Common,Native,,Approved
ACAD,Bird,Passeriformes,Corvidae,86252,Cyanocitta cristata,,"Blue Jay, Northern Blue Jay",Present,,Abundant,Native,,Approved
ACAD,Bird,Passeriformes,Corvidae,86237,Perisoreus canadensis,,"Canada Gray Jay, Canada Jay, Gray Jay",Present,,Rare,Native,,Approved
ACAD,Bird,Passeriformes,Fringillidae,95280,Carduelis flammea,,"Common Redpoll, Greater Redpoll, Mealy Redpoll",Not In Park,Historical,,Native,,Approved
ACAD,Bird,Passeriformes,Fringillidae,95281,Carduelis hornemanni,,"Coues' Hoary Redpoll, Hoary Redpoll",Unconfirmed,,,Non-native,,Approved
ACAD,Bird,Passeriformes,Fringillidae,95283,Carduelis pinus,,"Northern Pine Siskin, Pine Siskin",Present,,Abundant,Native,,Approved
ACAD,Bird,Passeriformes,Fringillidae,95286,Carduelis tristis,,"American Goldfinch, Eastern American Goldfinch, Eastern Goldfinch, Goldfinch",Present,,Abundant,Native,,Approved
ACAD,Bird,Passeriformes,Fringillidae,94302,Carpodacus mexicanus,,House Finch,Present,,Common,Non-native,,Approved
ACAD,Bird,Passeriformes,Fringillidae,94296,Carpodacus purpureus,,"Eastern Purple Finch, Purple Finch",Present,,Abundant,Native,,Approved
ACAD,Bird,Passeriformes,Fringillidae,94282,Coccothraustes vespertinus,,"Eastern Evening Grosbeak, Evening Grosbeak",Not In Park,Historical,,Native,,Approved
ACAD,Bird,Passeriformes,Fringillidae,95311,Loxia curvirostra,,Red Crossbill,Present,,Abundant,Native,,Approved
ACAD,Bird,Passeriformes,Fringillidae,83794,Loxia leucoptera,,White-winged Crossbill,Present,,Unknown,Unknown,,Approved
ACAD,Bird,Passeriformes,Fringillidae,94318,Pinicola enucleator,,"Canadian Pine Grosbeak, Newfoundland Pine Grosbeak, Pine Grosbeak",Not In Park,Historical,,Native,,Approved
ACAD,Bird,Passeriformes,Hirundinidae,87409,Hirundo rustica,,Barn Swallow,Present,,Common,Native,,Approved
ACAD,Bird,Passeriformes,Hirundinidae,87417,Petrochelidon pyrrhonota,,"Cliff Swallow, Eastern Cliff Swallow, Eave Swallow, Northern Cliff Swallow",Present,,Common,Native,,Approved
ACAD,Bird,Passeriformes,Hirundinidae,87427,Progne subis,,"Northern Purple Martin, Purple Martin",Present,,Unknown,Native,,Approved
ACAD,Bird,Passeriformes,Hirundinidae,87396,Riparia riparia,,"Bank Swallow, Common Bank Swallow",Unconfirmed,,,Native,,Approved
ACAD,Bird,Passeriformes,Hirundinidae,87404,Stelgidopteryx serripennis,,"Northern Rough-winged Swallow, Rough-winged Swallow",Present,,Unknown,Native,,Approved
ACAD,Bird,Passeriformes,Hirundinidae,87391,Tachycineta bicolor,,Tree Swallow,Present,,Abundant,Native,,Approved
ACAD,Bird,Passeriformes,Icteridae,93613,Agelaius phoeniceus,,"Eastern Red-wing, Eastern Red-winged Blackbird, Red-winged Blackbird",Present,,Common,Native,,Approved
ACAD,Bird,Passeriformes,Icteridae,93599,Dolichonyx oryzivorus,,Bobolink,Unconfirmed,,,Native,,Approved
ACAD,Bird,Passeriformes,Icteridae,93664,Euphagus carolinus,,Rusty Blackbird,Present,,Common,Native,,Approved
ACAD,Bird,Passeriformes,Icteridae,93667,Euphagus cyanocephalus,,Brewer's Blackbird,Unconfirmed,,,Non-native,,Approved
ACAD,Bird,Passeriformes,Icteridae,264102,Icterus bullockii,,Bullock's Oriole,Unconfirmed,,,Non-native,,Approved
ACAD,Bird,Passeriformes,Icteridae,93655,Icterus galbula,,"Baltimore Oriole, Northern Oriole",Present,,Common,Native,,Approved
ACAD,Bird,Passeriformes,Icteridae,93634,Icterus spurius,,Orchard Oriole,Unconfirmed,,,Non-native,,Approved
ACAD,Bird,Passeriformes,Icteridae,94215,Molothrus ater,,"Brown-headed Cowbird, Cowbird, Eastern Cowbird",Present,,Abundant,Native,,Approved
ACAD,Bird,Passeriformes,Icteridae,94206,Quiscalus quiscula,,"Bronzed Grackle, Common Grackle",Present,,Abundant,Native,,Approved
ACAD,Bird,Passeriformes,Icteridae,93601,Sturnella magna,,Eastern Meadowlark,Present,,Rare,Native,,Approved
ACAD,Bird,Passeriformes,Icteridae,93611,Xanthocephalus xanthocephalus,,Yellow-headed Blackbird,Unconfirmed,,,Non-native,,Approved
ACAD,Bird,Passeriformes,Icteriidae,92730,Icteria virens,,Yellow-breasted Chat,Not In Park,Historical,,Non-native,,Approved
ACAD,Bird,Passeriformes,Laniidae,88273,Lanius excubitor,,"Great Gray Shrike, Northern Shrike",Unconfirmed,,,Native,,Approved
ACAD,Bird,Passeriformes,Laniidae,88277,Lanius ludovicianus,,"Loggerhead Shrike, Migrant Loggerhead Shrike, Migrant Shrike",Not In Park,Historical,,Non-native,,Approved
ACAD,Bird,Passeriformes,Mimidae,89977,Dumetella carolinensis,,"Catbird, Gray Catbird",Present,,Abundant,Native,,Approved
ACAD,Bird,Passeriformes,Mimidae,88394,Mimus polyglottos,,"Eastern Mockingbird, Mockingbird, Northern Mockingbird",Not In Park,Historical,,Non-native,,Approved
ACAD,Bird,Passeriformes,Mimidae,89979,Toxostoma rufum,,"Brown Thrasher, Eastern Brown Thrasher",Present,,Common,Native,,Approved
ACAD,Bird,Passeriformes,Motacillidae,266934,Anthus rubescens,,"American Pipit, American Water Pipit, Water Pipit",Present,,Common,Native,,Approved
ACAD,Bird,Passeriformes,Muscicapidae,87198,Oenanthe oenanthe,,"Greenland Wheatear, Northern Wheatear",Not In Park,Historical,,Non-native,,Approved
ACAD,Bird,Passeriformes,Paridae,266957,Baeolophus bicolor,,Tufted Titmouse,Unconfirmed,,,Non-native,,Approved
ACAD,Bird,Passeriformes,Paridae,265874,Poecile atricapillus,,Black-capped Chickadee,Present,,Abundant,Native,,Approved
ACAD,Bird,Passeriformes,Paridae,265882,Poecile hudsonicus,,Acadian Boreal Chickadee,Present,,Uncommon,Native,,Approved
ACAD,Bird,Passeriformes,Parulidae,92645,Dendroica caerulescens,,"Black-throated Blue Warbler, Northern Black-throated Blue Warbler",Present,,Common,Native,,Approved
ACAD,Bird,Passeriformes,Parulidae,92673,Dendroica castanea,,Bay-breasted Warbler,Present,,Common,Native,,Approved
ACAD,Bird,Passeriformes,Parulidae,92663,Dendroica cerulea,,Cerulean Warbler,Not In Park,Historical,,Non-native,,Approved
ACAD,Bird,Passeriformes,Parulidae,92649,Dendroica coronata,,"Butter Butt, Eastern Myrtle Warbler, Myrtle Warbler, Yellow-rumped Warbler",Present,,Common,Native,,Approved
ACAD,Bird,Passeriformes,Parulidae,92679,Dendroica discolor,,"Northern Prairie Warbler, Prairie Warbler",Present,,Unknown,Unknown,,Approved
ACAD,Bird,Passeriformes,Parulidae,92665,Dendroica dominica,,Yellow-throated Warbler,Present,,Unknown,Non-native,,Approved
ACAD,Bird,Passeriformes,Parulidae,92664,Dendroica fusca,,Blackburnian Warbler,Present,,Common,Native,,Approved
ACAD,Bird,Passeriformes,Parulidae,92643,Dendroica magnolia,,Magnolia Warbler,Present,,Common,Native,,Approved
ACAD,Bird,Passeriformes,Parulidae,92683,Dendroica palmarum,,"Palm Warbler, Yellow Palm Warbler",Present,,Common,Native,,Approved
ACAD,Bird,Passeriformes,Parulidae,92672,Dendroica pensylvanica,,Chestnut-sided Warbler,Present,,Common,Native,,Approved
ACAD,Bird,Passeriformes,Parulidae,92634,Dendroica petechia,,"Eastern Yellow Warbler, Yellow Warbler",Present,,Common,Native,,Approved
ACAD,Bird,Passeriformes,Parulidae,92675,Dendroica pinus,,"Northern Pine Warbler, Pine Warbler",Not In Park,Historical,,Native,,Approved
ACAD,Bird,Passeriformes,Parulidae,92674,Dendroica striata,,"Blackpoll Warbler, Black-poll Warbler",Present,,Common,Native,,Approved
ACAD,Bird,Passeriformes,Parulidae,92644,Dendroica tigrina,,Cape May Warbler,Present,,Common,Native,,Approved
ACAD,Bird,Passeriformes,Parulidae,92655,Dendroica townsendi,,Townsend's Warbler,Present,,Rare,Non-native,,Approved
ACAD,Bird,Passeriformes,Parulidae,92656,Dendroica virens,,"Black-throated Green Warbler, Northern Black-throated Green Warbler",Present,,Abundant,Native,,Approved
ACAD,Bird,Passeriformes,Parulidae,92708,Geothlypis trichas,,"Common Yellowthroat, Maryland Yellow Throat, Maryland Yellowthroat, Northern Yellowthroat, Northern Yellow-throat, Yellowthroat, Yellow-throat",Present,,Abundant,Native,,Approved
ACAD,Bird,Passeriformes,Parulidae,91019,Helmitheros vermivorus,,Worm-eating Warbler,Unconfirmed,,,Non-native,,Approved
ACAD,Bird,Passeriformes,Parulidae,91012,Mniotilta varia,,"Black and White Creeper, Black and White Warbler, Black-and-white Warbler",Present,,Common,Native,,Approved
ACAD,Bird,Passeriformes,Parulidae,92701,Oporornis agilis,,Connecticut Warbler,Present,,Unknown,Non-native,,Approved
ACAD,Bird,Passeriformes,Parulidae,92700,Oporornis formosus,,Kentucky Warbler,Present,,Unknown,Non-native,,Approved
ACAD,Bird,Passeriformes,Parulidae,92702,Oporornis philadelphia,,Mourning Warbler,Present,,Uncommon,Native,,Approved
ACAD,Bird,Passeriformes,Parulidae,92623,Parula americana,,"Northern Parula, Northern Parula Warbler, Parula Warbler",Present,,Common,Native,,Approved
ACAD,Bird,Passeriformes,Parulidae,91014,Protonotaria citrea,,Prothonotary Warbler,Unconfirmed,,,Non-native,,Approved
ACAD,Bird,Passeriformes,Parulidae,92689,Seiurus aurocapillus,,"Common Oven-bird, Ovenbird",Present,,Common,Native,,Approved
ACAD,Bird,Passeriformes,Parulidae,92698,Seiurus motacilla,,"Louisiana Waterthrush, Louisiana Water-Thrush",Unconfirmed,,,Non-native,,Approved
ACAD,Bird,Passeriformes,Parulidae,92694,Seiurus noveboracensis,,"Northern Waterthrush, Northern Water-Thrush",Present,,Uncommon,Native,,Approved
ACAD,Bird,Passeriformes,Parulidae,92746,Setophaga ruticilla,,"American Redstart, Redstart",Present,,Abundant,Native,,Approved
ACAD,Bird,Passeriformes,Parulidae,91025,Vermivora celata,,"Eastern Orange-crowned Warbler, Orange-crowned Warbler",Present,,Unknown,Non-native,,Approved
ACAD,Bird,Passeriformes,Parulidae,91021,Vermivora chrysoptera,,Golden-winged Warbler,Present,,Unknown,Non-native,,Approved
ACAD,Bird,Passeriformes,Parulidae,91024,Vermivora peregrina,,Tennessee Warbler,Present,,Common,Native,,Approved
ACAD,Bird,Passeriformes,Parulidae,91022,Vermivora pinus,,Blue-winged Warbler,Present,,Unknown,Non-native,,Approved
ACAD,Bird,Passeriformes,Parulidae,91031,Vermivora ruficapilla,,"Eastern Nashville Warbler, Nashville Warbler",Present,,Common,Native,,Approved
ACAD,Bird,Passeriformes,Parulidae,92744,Wilsonia canadensis,,Canada Warbler,Present,,Common,Native,,Approved
ACAD,Bird,Passeriformes,Parulidae,92739,Wilsonia citrina,,Hooded Warbler,Present,,Unknown,Non-native,,Approved
ACAD,Bird,Passeriformes,Parulidae,92740,Wilsonia pusilla,,"Wilson's Pileolated Warbler, Wilson's Warbler",Present,,Common,Native,,Approved
ACAD,Bird,Passeriformes,Passerellidae,84680,Ammodramus caudacutus,,"Intermediate Sharp-tailed Sparrow, Saltmarsh Sharp-tailed Sparrow",Not In Park,False Report,,Unknown,,Approved
ACAD,Bird,Passeriformes,Passerellidae,84681,Ammodramus leconteii,,"Le Conte's Sparrow, LeConte's Sparrow",Unconfirmed,,,Non-native,,Approved
ACAD,Bird,Passeriformes,Passerellidae,265064,Ammodramus nelsoni,,Nelson's Sharp-tailed Sparrow,Present,,Common,Native,,Approved
ACAD,Bird,Passeriformes,Passerellidae,83867,Ammodramus savannarum,,"Eastern Grasshopper Sparrow, Grasshopper Sparrow",Unconfirmed,,,Non-native,,Approved
ACAD,Bird,Passeriformes,Passerellidae,83844,Calamospiza melanocorys,,Lark Bunting,Not In Park,Historical,,Non-native,,Approved
ACAD,Bird,Passeriformes,Passerellidae,84710,Chondestes grammacus,,"Eastern Lark Sparrow, Lark Sparrow",Not In Park,Historical,,Non-native,,Approved
ACAD,Bird,Passeriformes,Passerellidae,84754,Junco hyemalis,,"Dark-eyed Junco, Northern Slate-colored Junco, Slate-colored Junco",Present,,Abundant,Native,,Approved
ACAD,Bird,Passeriformes,Passerellidae,85638,Melospiza georgiana,,"Eastern Swamp Sparrow, Swamp Sparrow",Present,,Common,Native,,Approved
ACAD,Bird,Passeriformes,Passerellidae,85634,Melospiza lincolnii,,"Lincoln's Sparrow, Northern Lincoln's Sparrow",Present,,Rare,Native,,Approved
ACAD,Bird,Passeriformes,Passerellidae,85643,Melospiza melodia,,"Eastern Song Sparrow, Song Sparrow",Present,,Abundant,Native,,Approved
ACAD,Bird,Passeriformes,Passerellidae,83846,Passerculus sandwichensis,,"Eastern Savannah Sparrow, Savannah Sparrow",Present,,Abundant,Native,,Approved
ACAD,Bird,Passeriformes,Passerellidae,85612,Passerella iliaca,,"Eastern Fox Sparrow, Fox Sparrow",Not In Park,Historical,,Native,,Approved
ACAD,Bird,Passeriformes,Passerellidae,83842,Pipilo chlorurus,,Green-tailed Towhee,Unconfirmed,,,Non-native,,Approved
ACAD,Bird,Passeriformes,Passerellidae,83803,Pipilo erythrophthalmus,,"Eastern Towhee, Red-eyed Towhee, Rufous-sided Towhee",Present,,Common,Native,,Approved
ACAD,Bird,Passeriformes,Passerellidae,265870,Pipilo maculatus,,Spotted Towhee,Unconfirmed,,,Non-native,,Approved
ACAD,Bird,Passeriformes,Passerellidae,84704,Pooecetes gramineus,,"Eastern Vesper Sparrow, Vesper Sparrow",Present,,Unknown,Native,,Approved
ACAD,Bird,Passeriformes,Passerellidae,84778,Spizella arborea,,"American Tree Sparrow, Eastern Tree Sparrow, Tree Sparrow",Present,,Common,Native,,Approved
ACAD,Bird,Passeriformes,Passerellidae,84785,Spizella pallida,,Clay-colored Sparrow,Not In Park,Historical,,Non-native,,Approved
ACAD,Bird,Passeriformes,Passerellidae,84781,Spizella passerina,,"Chipping Sparrow, Eastern Chipping Sparrow",Present,,Common,Native,,Approved
ACAD,Bird,Passeriformes,Passerellidae,84790,Spizella pusilla,,"Eastern Field Sparrow, Field Sparrow",Present,,Rare,Native,,Approved
ACAD,Bird,Passeriformes,Passerellidae,85610,Zonotrichia albicollis,,White-throated Sparrow,Present,,Common,Native,,Approved
ACAD,Bird,Passeriformes,Passerellidae,85609,Zonotrichia atricapilla,,Golden-crowned Sparrow,Not In Park,False Report,,Non-native,,Approved
ACAD,Bird,Passeriformes,Passerellidae,85602,Zonotrichia leucophrys,,"Eastern White-crowned Sparrow, White-crowned Sparrow",Not In Park,Historical,,Native,,Approved
ACAD,Bird,Passeriformes,Passerellidae,84802,Zonotrichia querula,,"Harris' Sparrow, Harris's Sparrow",Unconfirmed,,,Non-native,,Approved
ACAD,Bird,Passeriformes,Passeridae,86194,Passer domesticus,,"English Sparrow, European House Sparrow, House Sparrow",Unconfirmed,,,Non-native,,Approved
ACAD,Bird,Passeriformes,Polioptilidae,88038,Polioptila caerulea,,Blue-gray Gnatcatcher,Present,,Rare,Native,,Approved
ACAD,Bird,Passeriformes,Regulidae,88057,Regulus calendula,,"Eastern Ruby-crowned Kinglet, Ruby-crowned Kinglet",Present,,Common,Native,,Approved
ACAD,Bird,Passeriformes,Regulidae,88051,Regulus satrapa,,"Eastern Golden-crowned Kinglet, Golden-crowned Kinglet",Present,,Common,Native,,Approved
ACAD,Bird,Passeriformes,Sittidae,90945,Sitta canadensis,,Red-breasted Nuthatch,Present,,Abundant,Native,,Approved
ACAD,Bird,Passeriformes,Sittidae,90935,Sitta carolinensis,,"Eastern White-breasted Nuthatch, White-breasted Nuthatch",Present,,Common,Native,,Approved
ACAD,Bird,Passeriformes,Sturnidae,86204,Sturnus vulgaris,,"Common Starling, European Starling, Starling",Unconfirmed,,,Non-native,,Approved
ACAD,Bird,Passeriformes,Troglodytidae,88380,Cistothorus palustris,,"Long-billed Marsh Wren, Marsh Wren, Prairie Marsh Wren",Present,,Rare,Native,,Approved
ACAD,Bird,Passeriformes,Troglodytidae,88377,Cistothorus platensis,,"Sedge Wren, Short-billed Marsh Wren, Short-billed Sedge Wren",Present,,Rare,Native,,Approved
ACAD,Bird,Passeriformes,Troglodytidae,88329,Thryomanes bewickii,,"Bewick's Wren, Eastern Bewick's Wren",Not In Park,Historical,,Non-native,,Approved
ACAD,Bird,Passeriformes,Troglodytidae,88350,Thryothorus ludovicianus,,"Carolina Wren, Northern Carolina Wren",Unconfirmed,,,Non-native,,Approved
ACAD,Bird,Passeriformes,Troglodytidae,88306,Troglodytes aedon,,"Eastern House Wren, House Wren",Not In Park,Historical,,Native,,Approved
ACAD,Bird,Passeriformes,Troglodytidae,88312,Troglodytes troglodytes,,"Eastern Winter Wren, Winter Wren",Present,,Common,Native,,Approved
ACAD,Bird,Passeriformes,Turdidae,266978,Catharus bicknelli,,"Bicknell's Gray-cheeked Thrush, Bicknell's Thrush",Unconfirmed,,,Non-native,,Approved
ACAD,Bird,Passeriformes,Turdidae,87177,Catharus fuscescens,,"Eastern Veery, Veery, Wilson's Thrush",Present,,Common,Native,,Approved
ACAD,Bird,Passeriformes,Turdidae,87158,Catharus guttatus,,"Eastern Hermit Thrush, Hermit Thrush",Present,,Common,Native,,Approved
ACAD,Bird,Passeriformes,Turdidae,87174,Catharus minimus,,"Gray-cheeked Thrush, Northern Gray-cheeked Thrush",Present,,Rare,Native,,Approved
ACAD,Bird,Passeriformes,Turdidae,87168,Catharus ustulatus,,"Olive-backed Swainson's Thrush, Olive-backed Thrush, Swainson's Thrush",Present,,Common,Native,,Approved
ACAD,Bird,Passeriformes,Turdidae,87156,Hylocichla mustelina,,Wood Thrush,Present,,Uncommon,Native,,Approved
ACAD,Bird,Passeriformes,Turdidae,87152,Ixoreus naevius,,Varied Thrush,Unconfirmed,,,Non-native,,Approved
ACAD,Bird,Passeriformes,Turdidae,88006,Myadestes townsendi,,Townsend's Solitaire,Unconfirmed,,,Non-native,,Approved
ACAD,Bird,Passeriformes,Turdidae,87184,Sialia sialis,,"Bluebird, Eastern Bluebird",Present,,Uncommon,Native,,Approved
ACAD,Bird,Passeriformes,Turdidae,87136,Turdus migratorius,,"American Robin, Eastern Robin",Present,,Abundant,Native,,Approved
ACAD,Bird,Passeriformes,Tyrannidae,267828,Contopus cooperi,,Olive-sided Flycatcher,Present,,Uncommon,Native,,Approved
ACAD,Bird,Passeriformes,Tyrannidae,85846,Contopus virens,,"Eastern Wood Pewee, Wood Pewee",Present,,Common,Native,,Approved
ACAD,Bird,Passeriformes,Tyrannidae,85826,Empidonax alnorum,,Alder Flycatcher,Present,,Common,Native,,Approved
ACAD,Bird,Passeriformes,Tyrannidae,85823,Empidonax flaviventris,,Yellow-bellied Flycatcher,Present,,Common,Native,,Approved
ACAD,Bird,Passeriformes,Tyrannidae,85830,Empidonax minimus,,"Chebec, Least Flycatcher",Present,,Common,Native,,Approved
ACAD,Bird,Passeriformes,Tyrannidae,85827,Empidonax traillii,,"Alder Traill's Flycatcher, Traills Flycatcher, Willow Flycatcher",Present,,Rare,Native,,Approved
ACAD,Bird,Passeriformes,Tyrannidae,85799,Myiarchus cinerascens,,Ash-throated Flycatcher,Unconfirmed,,,Non-native,,Approved
ACAD,Bird,Passeriformes,Tyrannidae,85791,Myiarchus crinitus,,"Crested Flycatcher, Great Crested Flycatcher, Northern Crested Flycatcher",Present,,Common,Native,,Approved
ACAD,Bird,Passeriformes,Tyrannidae,85860,Pyrocephalus rubinus,,Vermilion Flycatcher,Unconfirmed,,,Non-native,,Approved
ACAD,Bird,Passeriformes,Tyrannidae,85813,Sayornis phoebe,,"Eastern Phoebe, Phoebe",Present,,Common,Native,,Approved
ACAD,Bird,Passeriformes,Tyrannidae,85818,Sayornis saya,,Say's Phoebe,Unconfirmed,,,Non-native,,Approved
ACAD,Bird,Passeriformes,Tyrannidae,85773,Tyrannus forficatus,,Scissor-tailed Flycatcher,Unconfirmed,,,Non-native,,Approved
ACAD,Bird,Passeriformes,Tyrannidae,85757,Tyrannus tyrannus,,Eastern Kingbird,Present,,Common,Native,,Approved
ACAD,Bird,Passeriformes,Tyrannidae,85766,Tyrannus verticalis,,"Arkansas Kingbird, Western Kingbird",Unconfirmed,,,Non-native,,Approved
ACAD,Bird,Passeriformes,Vireonidae,93573,Vireo flavifrons,,Yellow-throated Vireo,Present,,Occasional,Native,,Approved
ACAD,Bird,Passeriformes,Vireonidae,93589,Vireo gilvus,,"Eastern Warbling Vireo, Warbling Vireo",Present,,Occasional,Native,,Approved
ACAD,Bird,Passeriformes,Vireonidae,93552,Vireo griseus,,"Northern White-eyed Vireo, White-eyed Vireo",Present,,Unknown,Non-native,,Approved
ACAD,Bird,Passeriformes,Vireonidae,93587,Vireo olivaceus,,Red-eyed Vireo,Present,,Common,Native,,Approved
ACAD,Bird,Passeriformes,Vireonidae,93588,Vireo philadelphicus,,Philadelphia Vireo,Present,,Rare,Native,,Approved
ACAD,Bird,Passeriformes,Vireonidae,93575,Vireo solitarius,,"Blue-headed Solitary Vireo, Blue-headed Vireo, Solitary Vireo",Present,,Common,Native,,Approved
ACAD,Bird,Pelecaniformes,Ardeidae,266951,Ardea alba,,"American Egret, Common Egret?, Great Egret",Present,,Occasional,Native,,Approved
ACAD,Bird,Pelecaniformes,Ardeidae,84416,Ardea herodias,,"Great Blue Heron, Northern Great Blue Heron",Present,,Common,Native,,Approved
ACAD,Bird,Pelecaniformes,Ardeidae,84508,Botaurus lentiginosus,,American Bittern,Present,,Common,Native,,Approved
ACAD,Bird,Pelecaniformes,Ardeidae,84450,Bubulcus ibis,,Cattle Egret,Unconfirmed,,,Non-native,,Approved
ACAD,Bird,Pelecaniformes,Ardeidae,84438,Butorides virescens,,"Eastern Green Heron, Green heron, Green-backed Heron",Present,,Uncommon,Native,,Approved
ACAD,Bird,Pelecaniformes,Ardeidae,84476,Egretta caerulea,,"Little Blue Heron, Northern Little Blue Heron",Present,,Occasional,Non-native,,Approved
ACAD,Bird,Pelecaniformes,Ardeidae,84461,Egretta thula,,Snowy Egret,Present,,Rare,Non-native,,Approved
ACAD,Bird,Pelecaniformes,Ardeidae,84475,Egretta tricolor,,Tricolored Heron,Present,,Occasional,Non-native,,Approved
ACAD,Bird,Pelecaniformes,Ardeidae,84497,Ixobrychus exilis,,"Least Bittern, Eastern Least Bittern",Present,,Rare,Native,,Approved
ACAD,Bird,Pelecaniformes,Ardeidae,84493,Nyctanassa violacea,,"Yellow-crowned Night Heron, Yellow-crowned Night-Heron",Present,,Occasional,Non-native,,Approved
ACAD,Bird,Pelecaniformes,Ardeidae,84482,Nycticorax nycticorax,,"Black-crowned Night Heron, Black-crowned Night-Heron",Present,,Occasional,Native,,Approved
ACAD,Bird,Pelecaniformes,Ardeidae,84488,Nycticorax violaceus,,"Yellow-crowned Night Heron, Yellow-crowned Night-Heron",Present,,Unknown,Non-native,,Approved
ACAD,Bird,Pelecaniformes,Pelecanidae,83382,Pelecanus erythrorhynchos,,"American White Pelican, White Pelican",Unconfirmed,,,Non-native,,Approved
ACAD,Bird,Pelecaniformes,Pelecanidae,83383,Pelecanus occidentalis,,Brown Pelican,Not In Park,False Report,,Non-native,,Approved
ACAD,Bird,Pelecaniformes,Threskiornithidae,85519,Plegadis falcinellus,,"Eastern Glossy Ibis, Glossy Ibis",Present,,Unknown,Non-native,,Approved
ACAD,Bird,Piciformes,Picidae,84820,Colaptes auratus,,"Common Flicker, Flicker, Golden-winged Flicker, Northern Flicker, Northern Yellow-shafted Flicker, Yellow-shafted Flicker",Present,,Common,Native,,Approved
ACAD,Bird,Piciformes,Picidae,84833,Dryocopus pileatus,,"Northern Pileated Woodpecker, Pileated Woodpecker",Present,,Common,Native,,Approved
ACAD,Bird,Piciformes,Picidae,84865,Melanerpes carolinus,,"Eastern Red-bellied Woodpecker, Red-bellied Woodpecker",Present,,Unknown,Non-native,,Approved
ACAD,Bird,Piciformes,Picidae,84855,Melanerpes erythrocephalus,,"Eastern Red-headed Woodpecker, Red-headed Woodpecker",Unconfirmed,,,Non-native,,Approved
ACAD,Bird,Piciformes,Picidae,84927,Picoides arcticus,,"Arctic Three-toed Woodpecker, Black-backed Three-toed Woodpecker, Black-backed Woodpecker",Present,,Occasional,Native,,Approved
ACAD,Bird,Piciformes,Picidae,84936,Picoides pubescens,,"Downy Woodpecker, Northern Downy Woodpecker",Present,,Abundant,Native,,Approved
ACAD,Bird,Piciformes,Picidae,84928,Picoides tridactylus,,"American Three-toed Woodpecker, Northern Three-toed Woodpecker, Three-toed Woodpecker",Present,,Unknown,Non-native,,Approved
ACAD,Bird,Piciformes,Picidae,85739,Picoides villosus,,"Eastern Hairy Woodpecker, Hairy Woodpecker",Present,,Common,Native,,Approved
ACAD,Bird,Piciformes,Picidae,84874,Sphyrapicus varius,,Yellow-bellied Sapsucker,Present,,Common,Native,,Approved
ACAD,Bird,Podicipediformes,Podicipedidae,81686,Podiceps auritus,,Horned Grebe,Unconfirmed,,,Native,,Approved
ACAD,Bird,Podicipediformes,Podicipedidae,81682,Podiceps grisegena,,"Holboell's Grebe, Holboell's Red-necked Grebe, Red-necked Grebe",Unconfirmed,,,Native,,Approved
ACAD,Bird,Podicipediformes,Podicipedidae,81689,Podiceps nigricollis,,Eared Grebe,Unconfirmed,,,Non-native,,Approved
ACAD,Bird,Podicipediformes,Podicipedidae,81712,Podilymbus podiceps,,Pied-billed Grebe,Present,,Rare,Native,,Approved
ACAD,Bird,Procellariiformes,Diomedeidae,82399,Diomedea chlororhynchos,,Yellow-nosed Albatross,Unconfirmed,,,Non-native,,Approved
ACAD,Bird,Procellariiformes,Hydrobatidae,82517,Oceanodroma leucorhoa,,"Leach's Petrel, Leach's Storm-Petrel, Northern Leach's Petrel",Unconfirmed,,,Native,,Approved
ACAD,Bird,Procellariiformes,Oceanitidae,83345,Oceanites oceanicus,,"Atlantic Wilson's Petrel, Wilson's Petrel, Wilson's Storm-Petrel",Unconfirmed,,,Native,,Approved
ACAD,Bird,Procellariiformes,Procellariidae,115224,Calonectris diomedea,,"Cory's Cinereous Shearwater, Cory's Shearwater, North Atlantic Shearwater",Unconfirmed,,,Non-native,,Approved
ACAD,Bird,Procellariiformes,Procellariidae,82415,Fulmarus glacialis,,"Atlantic Fulmar, Northern Fulmar",Unconfirmed,,,Native,,Approved
ACAD,Bird,Procellariiformes,Procellariidae,82429,Puffinus gravis,,Greater Shearwater,Unconfirmed,,,Native,,Approved
ACAD,Bird,Procellariiformes,Procellariidae,82434,Puffinus griseus,,Sooty Shearwater,Unconfirmed,,,Native,,Approved
ACAD,Bird,Procellariiformes,Procellariidae,82436,Puffinus puffinus,,"Manx Common Shearwater, Manx Shearwater",Unconfirmed,,,Native,,Approved
ACAD,Bird,Strigiformes,Strigidae,82979,Aegolius acadicus,,Northern Saw-whet Owl,Present,,Uncommon,Native,,Approved
ACAD,Bird,Strigiformes,Strigidae,82974,Aegolius funereus,,"American Tengmalm's Owl, Boreal Owl, Richardson's Owl, Tengmalms' Owl",Unconfirmed,,,Non-native,,Approved
ACAD,Bird,Strigiformes,Strigidae,82971,Asio flammeus,,"Northern Short-eared Owl, Short-eared Owl",Not In Park,Historical,,Non-native,,Approved
ACAD,Bird,Strigiformes,Strigidae,82968,Asio otus,,"American Long-eared Owl, Long-eared Owl",Present,,Rare,Native,,Approved
ACAD,Bird,Strigiformes,Strigidae,80772,Bubo virginianus,,"Eastern Horned Owl, Great Horned Owl",Present,,Uncommon,Native,,Approved
ACAD,Bird,Strigiformes,Strigidae,80785,Nyctea scandiaca,,Snowy Owl,Present,,Rare,Native,,Approved
ACAD,Bird,Strigiformes,Strigidae,80741,Otus asio,,"Eastern Screech-Owl, Screech Owl",Present,,Unknown,Non-native,,Approved
ACAD,Bird,Strigiformes,Strigidae,82964,Strix nebulosa,,"American Great Gray Owl, Great Gray Owl",Unconfirmed,,,Non-native,,Approved
ACAD,Bird,Strigiformes,Strigidae,82956,Strix varia,,"Barred Owl, Northern Barred Owl",Present,,Uncommon,Native,,Approved
ACAD,Bird,Strigiformes,Strigidae,80787,Surnia ulula,,"American Hawk Owl, Hawk Owl, Northern Hawk Owl",Present,,Occasional,Non-native,,Approved
ACAD,Bird,Strigiformes,Tytonidae,80736,Tyto alba,,"Barn Owl, North American Barn Owl",Not In Park,Historical,,Non-native,,Approved
ACAD,Bird,Suliformes,Fregatidae,84405,Fregata magnificens,,"Magnificent Frigatebird, Man-o'-War-Bird",Unconfirmed,,,Non-native,,Approved
ACAD,Bird,Suliformes,Phalacrocoracidae,83419,Phalacrocorax auritus,,"Double-crested Cormorant, Northern Double-crested Cormorant",Present,,Abundant,Native,,Approved
ACAD,Bird,Suliformes,Phalacrocoracidae,83417,Phalacrocorax carbo,,"European Cormorant, Great Cormorant",Unconfirmed,,,Native,,Approved
ACAD,Bird,Suliformes,Sulidae,83414,Morus bassanus,,"Gannet, Northern Gannet",Unconfirmed,,,Native,,Approved
ACAD,Reptile,Squamata,Colubridae,79719,Diadophis punctatus,,"Northern Ringneck Snake, Ringneck Snake, Ring-necked Snake",Present,,Common,Native,,Approved
ACAD,Reptile,Squamata,Colubridae,79751,Lampropeltis triangulum,,"Eastern Milk Snake, Milk Snake, Northern Milk Snake, Spotted Adder",Present,,Common,Native,,Approved
ACAD,Reptile,Squamata,Colubridae,289198,Liochlorophis vernalis,,"Eastern Smooth Green Snake, Smooth Green Snake, Smooth-scaled Green Snake",Present,,Common,Native,,Approved
ACAD,Reptile,Squamata,Colubridae,79020,Storeria occipitomaculata,,"Red-bellied Snake, Redbelly Snake",Present,,Common,Native,,Approved
ACAD,Reptile,Squamata,Colubridae,79025,Thamnophis sirtalis,,"Common Garter Snake, Eastern Garter Snake, Garter Snake",Present,,Common,Native,,Approved
ACAD,Reptile,Testudines,Chelydridae,76856,Chelydra serpentina,,"Common Snapping Turtle, Snapping Turtle",Present,,Common,Native,,Approved
ACAD,Reptile,Testudines,Emydidae,76890,Chrysemys picta,,"Central Painted Turtle, Eastern Painted Turtle, Midland Painted Turtle, Painted Turtle",Present,,Common,Non-native,,Approved
ACAD,Reptile,Testudines,Emydidae,76878,Clemmys insculpta,,Wood Turtle,Unconfirmed,,,Non-native,,Approved
ACAD,Reptile,Testudines,Emydidae,76896,Emydoidea blandingii,,Blanding's Turtle,Unconfirmed,,,Non-native,,Approved
ACAD,Reptile,Testudines,Emydidae,76882,Terrapene carolina,,"Box Turtle, Common Box Turtle, Eastern Box Turtle",Unconfirmed,,,Non-native,,Approved
ACAD,Reptile,Testudines,Kinosternidae,76862,Sternotherus odoratus,,"Common Musk Turtle, Mud Turtle, Musk Turtle, Stinkpot",Not In Park,False Report,,Unknown,,Approved
ACAD,Amphibian,Anura,Bufonidae,83313,Bufo americanus,,"American Toad, Common Toad",Present,,Uncommon,Native,,Approved
ACAD,Amphibian,Anura,Hylidae,74972,Hyla versicolor,,"Gray Treefrog, Rain Toad, Tree Toad",Not In Park,Historical,,Unknown,,Approved
ACAD,Amphibian,Anura,Hylidae,118889,Pseudacris crucifer,,Spring Peeper,Present,,Abundant,Native,,Approved
ACAD,Amphibian,Anura,Ranidae,83278,Rana catesbeiana,,Bullfrog,Present,,Common,Native,,Approved
ACAD,Amphibian,Anura,Ranidae,83274,Rana clamitans,,"Green Frog, Spring Frog",Present,,Common,Native,,Approved
ACAD,Amphibian,Anura,Ranidae,83271,Rana palustris,,Pickerel Frog,Present,,Abundant,Native,,Approved
ACAD,Amphibian,Anura,Ranidae,83280,Rana pipiens,,"Common Frog, Leopard Frog, Meadow Frog, Northern Leopard Frog",Not In Park,Historical,,Unknown,,Approved
ACAD,Amphibian,Anura,Ranidae,83277,Rana sylvatica,,Wood Frog,Present,,Common,Native,,Approved
ACAD,Amphibian,Caudata,Ambystomatidae,75881,Ambystoma laterale,,Blue-spotted Salamander,Unconfirmed,,,Non-native,,Approved
ACAD,Amphibian,Caudata,Ambystomatidae,75872,Ambystoma maculatum,,Spotted Salamander,Present,,Common,Native,,Approved
ACAD,Amphibian,Caudata,Plethodontidae,75920,Desmognathus fuscus,,"Dusky Salamander, Northern Dusky Salamander",Present,,Common,Native,,Approved
ACAD,Amphibian,Caudata,Plethodontidae,76781,Eurycea bislineata,,"Northern Two-lined Salamander, Two-lined Salamander",Present,,Common,Native,,Approved
ACAD,Amphibian,Caudata,Plethodontidae,76773,Hemidactylium scutatum,,Four-toed Salamander,Present,,Common,Native,,Approved
ACAD,Amphibian,Caudata,Plethodontidae,75937,Plethodon cinereus,,"Eastern Red-backed Salamander, Northern Redback Salamander, Red-backed Salamander",Not In Park,Historical,,Native,,Approved
ACAD,Amphibian,Caudata,Salamandridae,75900,Notophthalmus viridescens,,"Common Newt, Eastern Newt, Ebbet, Red Eft, Red-spotted Newt",Present,,Uncommon,Native,,Approved
ACAD,Fish,Anguilliformes,Anguillidae,65066,Anguilla rostrata,,"American Eel, Common Eel, Eel",Present,,Abundant,Native,,Approved
ACAD,Fish,Atheriniformes,Atherinopsidae,71574,Menidia menidia,,Atlantic Silverside,Present,,Unknown,Native,,Approved
ACAD,Fish,Clupeiformes,Clupeidae,69729,Alosa pseudoharengus,,Alewife,Present,,Common,Native,,Approved
ACAD,Fish,Clupeiformes,Clupeidae,69758,Brevoortia tyrannus,,Menhaden,Present,,Unknown,Unknown,,Approved
ACAD,Fish,Clupeiformes,Clupeidae,69747,Clupea harengus,,Atlantic Herring,Present,,Unknown,Unknown,,Approved
ACAD,Fish,Cypriniformes,Catostomidae,65705,Catostomus commersoni,,"Common Sucker, White Sucker",Present,,Common,Native,,Approved
ACAD,Fish,Cypriniformes,Leuciscidae,64300,Luxilus cornutus,,Common Shiner,Present,,Uncommon,Non-native,,Approved
ACAD,Fish,Cypriniformes,Leuciscidae,70817,Notemigonus crysoleucas,,Golden Shiner,Present,,Abundant,Native,,Approved
ACAD,Fish,Cypriniformes,Leuciscidae,72942,Phoxinus eos,,"Northern Redbelly Dace, Red-bellied Dace",Present,,Common,Native,,Approved
ACAD,Fish,Cypriniformes,Leuciscidae,72055,Pimephales promelas,,Fathead Minnow,Not In Park,Historical,,Unknown,,Approved
ACAD,Fish,Cypriniformes,Leuciscidae,70826,Semotilus atromaculatus,,Creek Chub,Present,,Uncommon,Non-native,,Approved
ACAD,Fish,Cypriniformes,Leuciscidae,70825,Semotilus corporalis,,Fallfish,Present,,Uncommon,Non-native,,Approved
ACAD,Fish,Cyprinodontiformes,Fundulidae,68911,Fundulus diaphanus,,"Banded Killifish, Top Minnow",Present,,Abundant,Native,,Approved
ACAD,Fish,Cyprinodontiformes,Fundulidae,68912,Fundulus heteroclitus,,"Common Mummichog, Mummichog",Present,,Unknown,Unknown,,Approved
ACAD,Fish,Cyprinodontiformes,Fundulidae,68914,Fundulus majalis,,Striped Mummichog,Present,,Unknown,Unknown,,Approved
ACAD,Fish,Esociformes,Esocidae,73564,Esox niger,,"Chain pickerel, Common Pickerel",Present,,Common,Non-native,,Approved
ACAD,Fish,Gadiformes,Gadidae,73195,Pollachius virens,,Pollock,Present,,Unknown,Unknown,,Approved
ACAD,Fish,Gasterosteiformes,Gasterosteidae,74166,Apeltes quadracus,,Fourspine Stickleback,Present,,Uncommon,Native,,Approved
ACAD,Fish,Gasterosteiformes,Gasterosteidae,74131,Gasterosteus aculeatus,,"Brook Stickleback, Threespine Stickleback, Three-spined Stickleback",Present,,Common,Native,,Approved
ACAD,Fish,Gasterosteiformes,Gasterosteidae,74153,Gasterosteus wheatlandi,,"Blackspotted Stickleback, Twospine Stickleback",Present,,Unknown,Unknown,,Approved
ACAD,Fish,Gasterosteiformes,Gasterosteidae,74155,Pungitius pungitius,,"Ninespine Stickleback, Ninespined Stickleback",Present,,Common,Native,,Approved
ACAD,Fish,Osmeriformes,Osmeridae,72647,Osmerus mordax,,"Common Smelt, Rainbow Smelt, Smelt",Present,,Common,Native,,Approved
ACAD,Fish,Perciformes,Centrarchidae,72224,Lepomis auritus,,Redbreast Sunfish,Present,,Uncommon,Unknown,,Approved
ACAD,Fish,Perciformes,Centrarchidae,72238,Lepomis gibbosus,,"Common Sunfish, Pumpkinseed, Pumpkinseed Sunfish",Present,,Abundant,Native,,Approved
ACAD,Fish,Perciformes,Centrarchidae,257905,Micropterus dolomieu,,"Small Mouthed Black-bass, Smallmouth Bass, Small-mouthed Bass",Present,,Uncommon,Non-native,,Approved
ACAD,Fish,Perciformes,Centrarchidae,72256,Micropterus salmoides,,Largemouth Bass,Present,,Uncommon,Non-native,,Approved
ACAD,Fish,Perciformes,Labridae,82113,Tautogolabrus adspersus,,Cunner,Unconfirmed,,,Unknown,,Approved
ACAD,Fish,Perciformes,Moronidae,74701,Morone americana,,White Perch,Present,,Uncommon,Native,,Approved
ACAD,Fish,Perciformes,Percidae,73402,Perca flavescens,,Yellow Perch,Present,,Uncommon,Non-native,,Approved
ACAD,Fish,Pleuronectiformes,Pleuronectidae,79875,Limanda ferruginea,,Yellowtail,Present,,Unknown,Unknown,,Approved
ACAD,Fish,Salmoniformes,Salmonidae,71731,Coregonus clupeaformis,,"Great Lakes Whitefish, Lake Whitefish",Not In Park,Historical,,Non-native,,Approved
ACAD,Fish,Salmoniformes,Salmonidae,71783,Oncorhynchus mykiss,,"Kamloops Trout, Rainbow Trout, Steelhead Trout, Steel-head Trout",Not In Park,Historical,,Non-native,,Approved
ACAD,Fish,Salmoniformes,Salmonidae,71791,Salmo salar,,"Atlantic Salmon, Landlocked Salmon",Present,,Uncommon,Non-native,,Approved
ACAD,Fish,Salmoniformes,Salmonidae,71792,Salmo trutta,,"Brown Trout, Loch Leven Brown Trout, Scotch Sea-trout",Present,,Uncommon,Non-native,,Approved
ACAD,Fish,Salmoniformes,Salmonidae,71799,Salvelinus alpinus,,"Arctic Char, Golden Trout, Silver Trout, Sunapee Char, Sunapee Trout",Not In Park,Historical,,Non-native,,Approved
ACAD,Fish,Salmoniformes,Salmonidae,71801,Salvelinus fontinalis,,"Brook Trout, Native Brook Trout",Present,,Common,Native,,Approved
ACAD,Fish,Salmoniformes,Salmonidae,71800,Salvelinus namaycush,,"Lake Trout, Togue",Present,,Uncommon,Non-native,,Approved
ACAD,Fish,Siluriformes,Ictaluridae,66273,Ameiurus nebulosus,,Brown Bullhead,Present,,Uncommon,Non-native,,Approved
ACAD,Vascular Plant,,,734502,Dryopteris cristata x intermedia,,Boott's Wood Fern,Not In Park,Historical,,Native,,In Review
ACAD,Vascular Plant,,,734501,Drypoteris cristata x marginalis,,Crested Wood Fern,Unconfirmed,,,Native,,In Review
ACAD,Vascular Plant,,,734494,Glyceria x laxa,,Rattlesnake Grass,Present,,Uncommon,Native,,In Review
ACAD,Vascular Plant,,,734495,Hypericum x dissimulatum,,St. Johnswort,Unconfirmed,,,Native,,In Review
ACAD,Vascular Plant,,,669666,Panicum acuminatum ssp. fasciculatum,,Panic Grass,Present,,Uncommon,Native,,Approved
ACAD,Vascular Plant,,,669668,Panicum acuminatum ssp. implicatum,,Panic Grass,Present,,Occasional,Native,,Approved
ACAD,Vascular Plant,,,734496,Panicum acuminatum ssp. lindheimeri,,Panic Grass,Unconfirmed,,,Native,,In Review
ACAD,Vascular Plant,,,669670,Panicum acuminatum ssp. spretum,,Panic Grass,Present,,Unknown,Native,,Approved
ACAD,Vascular Plant,,,734493,Photinia X floribunda,,Purple Chokeberry,Present,,Occasional,Native,,In Review
ACAD,Vascular Plant,,,734498,Polypodium x triploidea,,,Unconfirmed,,,Native,,In Review
ACAD,Vascular Plant,,,734499,Rubus allegheniensis x setosus,,Hbrid blackbetty,Unconfirmed,,,Native,,In Review
ACAD,Vascular Plant,,,158213,Rubus recurvicaulis X setosus,,Dewberry,Unconfirmed,,,Native,,Approved
ACAD,Vascular Plant,,,734500,Salix humilis X discolor,,willow,Unconfirmed,,,Native,,In Review
ACAD,Vascular Plant,,,734497,Schoenoplectus acutus x tabernaemontanii,,hybrid,Present,,Rare,Native,,In Review
ACAD,Vascular Plant,Acorales,Acoraceae,86940,Acorus americanus,,Sweetflag,Unconfirmed,,,Native,,Approved
ACAD,Vascular Plant,Alismatales,Alismataceae,86272,Alisma triviale,,Large Water Plantain,Present,,Rare,Native,,Approved
ACAD,Vascular Plant,Alismatales,Alismataceae,140791,Sagittaria graminea,,Grass-leaved Arrowhead,Present,,Rare,Native,,Approved
ACAD,Vascular Plant,Alismatales,Alismataceae,140792,Sagittaria latifolia,,Common Arrrowhead,Present,,Common,Native,,Approved
ACAD,Vascular Plant,Alismatales,Araceae,148574,Arisaema triphyllum,,Northern Jack-in-the-pulpit,Present,,Uncommon,Native,,Approved
ACAD,Vascular Plant,Alismatales,Araceae,148597,Calla palustris,,Wild Calla,Present,,Uncommon,Native,,Approved
ACAD,Vascular Plant,Alismatales,Araceae,149500,Lemna trisulca,,Duckweed,Unconfirmed,,,Native,,Approved
ACAD,Vascular Plant,Alismatales,Araceae,148588,Symplocarpus foetidus,,Skunk Cabbage,Present,,Rare,Native,,Approved
ACAD,Vascular Plant,Alismatales,Hydrocharitaceae,141556,Najas flexilis,,Common Naiad,Present,,Uncommon,Native,,Approved
ACAD,Vascular Plant,Alismatales,Hydrocharitaceae,141557,Najas gracillima,,Slender Water Nymph,Present,,Uncommon,Native,,Approved
ACAD,Vascular Plant,Alismatales,Hydrocharitaceae,141507,Vallisneria americana,,Tapegrass,Present,,Uncommon,Native,,Approved
ACAD,Vascular Plant,Alismatales,Juncaginaceae,162639,Triglochin maritimum,,Seaside Arrowgrass,Present,,Occasional,Native,,Approved
ACAD,Vascular Plant,Alismatales,Juncaginaceae,141548,Triglochin palustre,,Northern Arrowgrass,Not In Park,Historical,,Native,,Approved
ACAD,Vascular Plant,Alismatales,Potamogetonaceae,141585,Potamogeton amplifolius,,Bigleaf Pondweed,Present,,Uncommon,Native,,Approved
ACAD,Vascular Plant,Alismatales,Potamogetonaceae,141587,Potamogeton bicupulatus,,Hair-like Pondweed,Present,,Uncommon,Native,,Approved
ACAD,Vascular Plant,Alismatales,Potamogetonaceae,141589,Potamogeton confervoides,,Alga Pondweed,Present,,Rare,Native,,Approved
ACAD,Vascular Plant,Alismatales,Potamogetonaceae,141591,Potamogeton epihydrus,,Surface Pondweed,Present,,Occasional,Native,,Approved
ACAD,Vascular Plant,Alismatales,Potamogetonaceae,141597,Potamogeton gramineus,,Pondweed,Present,,Uncommon,Native,,Approved
ACAD,Vascular Plant,Alismatales,Potamogetonaceae,141570,Potamogeton natans,,Floating Pondweed,Present,,Uncommon,Native,,Approved
ACAD,Vascular Plant,Alismatales,Potamogetonaceae,141606,Potamogeton oakesianus,,Oakes' Pondweed,Present,,Occasional,Native,,Approved
ACAD,Vascular Plant,Alismatales,Potamogetonaceae,141574,Potamogeton perfoliatus,,Clasping-leaved Pondweed,Present,,Uncommon,Native,,Approved
ACAD,Vascular Plant,Alismatales,Potamogetonaceae,215141,Potamogeton pusillus var. gemmiparus,,"budding pondweed, small pondweed",Present,,Rare,Native,,Approved
ACAD,Vascular Plant,Alismatales,Potamogetonaceae,215145,Potamogeton pusillus var. tenuissimus,,Pondweed,Present,,Occasional,Native,,Approved
ACAD,Vascular Plant,Alismatales,Potamogetonaceae,141612,Potamogeton spirillus,,Northern Snail-seed Pondweed,Present,,Occasional,Native,,Approved
ACAD,Vascular Plant,Alismatales,Potamogetonaceae,141622,Potamogeton zosteriformis,,Flatstem Pondweed,Not In Park,Historical,,Native,,Approved
ACAD,Vascular Plant,Alismatales,Potamogetonaceae,287316,Stuckenia pectinatus,,Sago Pondweed,Present,,Uncommon,Native,,Approved
ACAD,Vascular Plant,Alismatales,Potamogetonaceae,141636,Zannichellia palustris,,Horned Pondweed,Present,,Rare,Native,,Approved
ACAD,Vascular Plant,Alismatales,Ruppiaceae,141631,Ruppia maritima,,Ditch-grass,Present,,Uncommon,Native,,Approved
ACAD,Vascular Plant,Alismatales,Scheuchzeriaceae,141544,Scheuchzeria palustris ssp. americana,,Bog Arrowgrass,Present,,Uncommon,Native,,Approved
ACAD,Vascular Plant,Alismatales,Zosteraceae,216200,Zostera marina var. stenophylla,,Eel-grass,Present,,Uncommon,Native,,Approved
ACAD,Vascular Plant,Apiales,Apiaceae,133513,Aegopodium podagraria,,Goutweed,Present,,Occasional,Non-native,,Approved
ACAD,Vascular Plant,Apiales,Apiaceae,132571,Angelica atropurpurea,,Purple-stem Angelica,Unconfirmed,,,Native,,Approved
ACAD,Vascular Plant,Apiales,Apiaceae,132567,Angelica lucida,,Seaside Angelica,Present,,Common,Native,,Approved
ACAD,Vascular Plant,Apiales,Apiaceae,134751,Carum carvi,,Caraway,Present,,Uncommon,Non-native,,Approved
ACAD,Vascular Plant,Apiales,Apiaceae,133393,Cicuta bulbifera,,Bulb-bearing Water Hemlock,Present,,Uncommon,Native,,Approved
ACAD,Vascular Plant,Apiales,Apiaceae,133390,Cicuta maculata,,Water Hemlock,Present,,Uncommon,Native,,Approved
ACAD,Vascular Plant,Apiales,Apiaceae,133402,Conioselinum chinense,,Hemlock Parsley,Not In Park,Historical,,Native,,Approved
ACAD,Vascular Plant,Apiales,Apiaceae,133413,Daucus carota,,"Wild Carrot, Queen Anne's Lace",Present,,Common,Non-native,,Approved
ACAD,Vascular Plant,Apiales,Apiaceae,160214,Heracleum mantegazzianum,,Giant Hogweed,Present,,Rare,Non-native,,Approved
ACAD,Vascular Plant,Apiales,Apiaceae,160212,Heracleum maximum,,Cow Parsnip,Not In Park,Historical,,Native,,Approved
ACAD,Vascular Plant,Apiales,Apiaceae,160324,Ligusticum scothicum,,Scotch Lovage,Present,,Occasional,Native,,Approved
ACAD,Vascular Plant,Apiales,Apiaceae,126359,Osmorhiza longistylis,,Aniseroot,Unconfirmed,,,Native,,Approved
ACAD,Vascular Plant,Apiales,Apiaceae,126363,Pastinaca sativa,,Wild Parsnip,Unconfirmed,,,Non-native,,Approved
ACAD,Vascular Plant,Apiales,Apiaceae,126396,Pimpinella saxifraga,,Burnett saxifrage,Present,,Uncommon,Non-native,,Approved
ACAD,Vascular Plant,Apiales,Apiaceae,126431,Sanicula marilandica,,"Black Snakeroot, Sanicle",Not In Park,Historical,,Native,,Approved
ACAD,Vascular Plant,Apiales,Apiaceae,133503,Sium suave,,Water Parsnip,Present,,Common,Native,,Approved
ACAD,Vascular Plant,Apiales,Apiaceae,128085,Zizia aurea,,Golden Alexanders,Present,,Unknown,Native,,Approved
ACAD,Vascular Plant,Apiales,Araliaceae,132502,Aralia hispida,,Bristly Sarsaparilla,Present,,Occasional,Native,,Approved
ACAD,Vascular Plant,Apiales,Araliaceae,132504,Aralia nudicaulis,,Wild Sarsaparilla,Present,,Common,Native,,Approved
ACAD,Vascular Plant,Apiales,Araliaceae,132505,Aralia racemosa,,Spikenard,Present,,Rare,Native,,Approved
ACAD,Vascular Plant,Apiales,Araliaceae,132506,Aralia spinosa,,Hercule's Club,Present,,Rare,Native,,Approved
ACAD,Vascular Plant,Apiales,Araliaceae,133460,Hydrocotyle americana,,Water Pennywort,Unconfirmed,,,Native,,Approved
ACAD,Vascular Plant,Aquifoliales,Aquifoliaceae,131951,Ilex glabra,,Inkberry,Present,,Rare,Native,,Approved
ACAD,Vascular Plant,Aquifoliales,Aquifoliaceae,131955,Ilex verticillata,,"Winterberry, Black Alder",Present,,Common,Native,,Approved
ACAD,Vascular Plant,Aquifoliales,Aquifoliaceae,131990,Nemopanthus mucronatus,,Mountain Holly,Present,,Occasional,Native,,Approved
ACAD,Vascular Plant,Asparagales,Amaryllidaceae,208878,Allium schoenoprasum var. sibiricum,,Chives,Present,,Uncommon,Native,,Approved
ACAD,Vascular Plant,Asparagales,Asparagaceae,140583,Asparagus officinalis,,Asparagus,Present,,Uncommon,Non-native,,Approved
ACAD,Vascular Plant,Asparagales,Asparagaceae,157783,Maianthemum canadense,,Wild Lily-of-the-valley,Present,,Common,Native,,Approved
ACAD,Vascular Plant,Asparagales,Asparagaceae,157787,Maianthemum racemosum,,False Solomon's Seal,Present,,Uncommon,Native,,Approved
ACAD,Vascular Plant,Asparagales,Asparagaceae,157789,Maianthemum stellatum,,Star-flowered Solomon's Seal,Present,,Rare,Native,,Approved
ACAD,Vascular Plant,Asparagales,Asparagaceae,157791,Maianthemum trifolium,,"Bog Solomonplume, Three-leaved Solomon's Seal",Present,,Occasional,Native,,Approved
ACAD,Vascular Plant,Asparagales,Asparagaceae,141764,Polygonatum pubescens,,Small Solomon's Seal,Present,,Uncommon,Native,,Approved
ACAD,Vascular Plant,Asparagales,Asphodelaceae,141693,Hemerocallis fulva,,Orange Daylily,Present,,Unknown,Non-native,Cultivated,Approved
ACAD,Vascular Plant,Asparagales,Iridaceae,144287,Iris pseudacorus,,iris,Present,,Rare,Non-native,,Approved
ACAD,Vascular Plant,Asparagales,Iridaceae,213012,Iris setosa var. canadensis,,Beach-head Iris,Present,,Uncommon,Native,,Approved
ACAD,Vascular Plant,Asparagales,Iridaceae,144289,Iris versicolor,,"Northern Blue Flag, Iris",Present,,Occasional,Native,,Approved
ACAD,Vascular Plant,Asparagales,Iridaceae,144339,Sisyrinchium angustifolium,,Common Blue-eyed Grass,Unconfirmed,,,Native,,Approved
ACAD,Vascular Plant,Asparagales,Iridaceae,144351,Sisyrinchium atlanticum,,Eastern Blue-eyed Grass,Unconfirmed,,,Native,,Approved
ACAD,Vascular Plant,Asparagales,Iridaceae,214823,Sisyrinchium montanum var. crebrum,,Strict Blue-eyed Grass,Present,,Common,Native,,Approved
ACAD,Vascular Plant,Asparagales,Iridaceae,144337,Sisyrinchium mucronatum,,Needle-tip Blue-eyed Grass,Present,,Unknown,Native,,Approved
ACAD,Vascular Plant,Asparagales,Orchidaceae,147084,Arethusa bulbosa,,"Arethusa, Swamp Pink",Present,,Occasional,Native,,Approved
ACAD,Vascular Plant,Asparagales,Orchidaceae,147936,Calopogon tuberosus,,Grass Pink,Present,,Occasional,Native,,Approved
ACAD,Vascular Plant,Asparagales,Orchidaceae,210469,Coeloglossum viride var. virescens,,Frog Orchid,Unconfirmed,,,Native,,Approved
ACAD,Vascular Plant,Asparagales,Orchidaceae,147955,Corallorrhiza maculata,,Spotted Coralroot,Not In Park,Historical,,Native,,Approved
ACAD,Vascular Plant,Asparagales,Orchidaceae,147959,Corallorrhiza trifida,,Early Coralroot,Present,,Uncommon,Native,,Approved
ACAD,Vascular Plant,Asparagales,Orchidaceae,147967,Cypripedium acaule,,"Common Lady's Slipper, Moccasin Flower",Present,,Occasional,Native,,Approved
ACAD,Vascular Plant,Asparagales,Orchidaceae,156203,Cypripedium parviflorum,,Small Yellow Lady's Slipper,Not In Park,Historical,,Native,,Approved
ACAD,Vascular Plant,Asparagales,Orchidaceae,156207,Cypripedium pubescens,,Large Yellow Lady's Slipper,Not In Park,Historical,,Native,,Approved
ACAD,Vascular Plant,Asparagales,Orchidaceae,147971,Cypripedium reginae,,Showy Lady's Slipper,Not In Park,Historical,,Native,,Approved
ACAD,Vascular Plant,Asparagales,Orchidaceae,147074,Epipactis helleborine,,Helleborine,Present,,Uncommon,Non-native,,Approved
ACAD,Vascular Plant,Asparagales,Orchidaceae,148033,Goodyera pubescens,,Downy Rattlesnake Plantain,Present,,Rare,Native,,Approved
ACAD,Vascular Plant,Asparagales,Orchidaceae,148034,Goodyera repens,,Lesser Rattlesnake Plantain,Present,,Rare,Native,,Approved
ACAD,Vascular Plant,Asparagales,Orchidaceae,148035,Goodyera tesselata,,Checkered Rattlesnake Plantain,Unconfirmed,,,Native,,Approved
ACAD,Vascular Plant,Asparagales,Orchidaceae,149598,Liparis loeselii,,Loesel's Twayblade,Not In Park,Historical,,Native,,Approved
ACAD,Vascular Plant,Asparagales,Orchidaceae,149604,Listera auriculata,,Auricled Twayblade,Unconfirmed,,,Native,,Approved
ACAD,Vascular Plant,Asparagales,Orchidaceae,149609,Listera convallarioides,,Broad-lipped Twayblade,Unconfirmed,,,Native,,Approved
ACAD,Vascular Plant,Asparagales,Orchidaceae,149610,Listera cordata,,Heart-leaved Twayblade,Present,,Uncommon,Native,,Approved
ACAD,Vascular Plant,Asparagales,Orchidaceae,149624,Malaxis unifolia,,Green Adder's Mouth,Present,,Uncommon,Native,,Approved
ACAD,Vascular Plant,Asparagales,Orchidaceae,147009,Platanthera clavellata,,Green Wood Orchis,Present,,Uncommon,Native,,Approved
ACAD,Vascular Plant,Asparagales,Orchidaceae,147011,Platanthera dilatata,,White Bog Orchis,Unconfirmed,,,Native,,Approved
ACAD,Vascular Plant,Asparagales,Orchidaceae,147012,Platanthera grandiflora,,Large Purple Fringed Orchis,Unconfirmed,,,Native,,Approved
ACAD,Vascular Plant,Asparagales,Orchidaceae,147000,Platanthera hookeri,,Hooker's Orchis,Unconfirmed,,,Native,,Approved
ACAD,Vascular Plant,Asparagales,Orchidaceae,147013,Platanthera hyperborea,,Northern Green Orchis,Unconfirmed,,,Native,,Approved
ACAD,Vascular Plant,Asparagales,Orchidaceae,147017,Platanthera lacera,,Green Fringed Orchis,Unconfirmed,,,Native,,Approved
ACAD,Vascular Plant,Asparagales,Orchidaceae,146996,Platanthera obtusata,,Blunt-leaved Orchis,Not In Park,Historical,,Native,,Approved
ACAD,Vascular Plant,Asparagales,Orchidaceae,111119,Platanthera orbiculata var. macrophylla,,Large Round-leaved Orchis,Not In Park,Historical,,Native,,Approved
ACAD,Vascular Plant,Asparagales,Orchidaceae,111118,Platanthera orbiculata var. orbiculata,,Round-leaved Orchis,Unconfirmed,,,Native,,Approved
ACAD,Vascular Plant,Asparagales,Orchidaceae,164197,Platanthera psycodes,,Small Purple Fringed Orchis,Present,,Uncommon,Native,,Approved
ACAD,Vascular Plant,Asparagales,Orchidaceae,147029,Pogonia ophioglossoides,,Rose Pogonia,Present,,Uncommon,Native,,Approved
ACAD,Vascular Plant,Asparagales,Orchidaceae,147032,Spiranthes cernua,,Nodding Ladies' Tresses,Present,,Uncommon,Native,,Approved
ACAD,Vascular Plant,Asparagales,Orchidaceae,217722,Spiranthes lacera var. gracilis,,Slender Ladies Tresses,Not In Park,Historical,,Native,,Approved
ACAD,Vascular Plant,Asparagales,Orchidaceae,147061,Spiranthes ochroleuca,,Nodding Ladies' Tresses,Unconfirmed,,,Native,,Approved
ACAD,Vascular Plant,Asparagales,Orchidaceae,147064,Spiranthes romanzoffiana,,Hooded Ladies' Tresses,Unconfirmed,,,Native,,Approved
ACAD,Vascular Plant,Asterales,Asteraceae,85139,Achillea millefolium var. millefolium,,"Yarrow, Milfoil",Present,,Common,Non-native,,Approved
ACAD,Vascular Plant,Asterales,Asteraceae,207757,Achillea millefolium var. occidentalis,,"Yarrow, Milfoil",Not In Park,Historical,,Non-native,,Approved
ACAD,Vascular Plant,Asterales,Asteraceae,133562,Achillea ptarmica,,Sneezeweed,Present,,Rare,Non-native,,Approved
ACAD,Vascular Plant,Asterales,Asteraceae,141407,Ambrosia artemisiifolia,,Common Ragweed,Present,,Common,Native,,Approved
ACAD,Vascular Plant,Asterales,Asteraceae,85181,Ambrosia artemisiifolia var. elatior,,Common Ragweed,Present,,Unknown,Native,,Approved
ACAD,Vascular Plant,Asterales,Asteraceae,141436,Ambrosia trifida,,Great Ragweed,Unconfirmed,,,Native,,Approved
ACAD,Vascular Plant,Asterales,Asteraceae,141444,Anaphalis margaritacea,,Pearly Everlasting,Present,,Occasional,Native,,Approved
ACAD,Vascular Plant,Asterales,Asteraceae,88609,Antennaria howellii ssp. canadensis,,Canada Pussytoes,Present,,Uncommon,Native,,Approved
ACAD,Vascular Plant,Asterales,Asteraceae,88617,Antennaria howellii ssp. neodioica,,Smaller Pussytoes,Present,,Occasional,Native,,Approved
ACAD,Vascular Plant,Asterales,Asteraceae,88629,Antennaria howellii ssp. petaloidea,,Pussytoes,Unconfirmed,,,Native,,Approved
ACAD,Vascular Plant,Asterales,Asteraceae,135780,Antennaria neglecta,,Field Pussytoes,Present,,Uncommon,Native,,Approved
ACAD,Vascular Plant,Asterales,Asteraceae,89857,Antennaria parlinii ssp. fallax,,Pussytoes,Unconfirmed,,,Native,,Approved
ACAD,Vascular Plant,Asterales,Asteraceae,89852,Antennaria parlinii ssp. parlinii,,Smooth Pussytoes,Unconfirmed,,,Native,,Approved
ACAD,Vascular Plant,Asterales,Asteraceae,133758,Antennaria plantaginifolia,,Plantain-leaved Pussytoes,Unconfirmed,,,Native,,Approved
ACAD,Vascular Plant,Asterales,Asteraceae,139495,Anthemis cotula,,"Mayweed, Stinking Chamomile",Present,,Uncommon,Non-native,,Approved
ACAD,Vascular Plant,Asterales,Asteraceae,139498,Anthemis tinctoria,,Yellow Chamomile,Not In Park,Historical,,Non-native,,Approved
ACAD,Vascular Plant,Asterales,Asteraceae,141462,Arctium lappa,,Great Burdock,Unconfirmed,,,Non-native,,Approved
ACAD,Vascular Plant,Asterales,Asteraceae,141463,Arctium minus,,Common Burdock,Present,,Occasional,Non-native,,Approved
ACAD,Vascular Plant,Asterales,Asteraceae,94128,Arctium vulgare,,Burdock,Unconfirmed,,,Non-native,,Approved
ACAD,Vascular Plant,Asterales,Asteraceae,142176,Arnoseris minima,,Lamb Succory,Present,,Rare,Non-native,,Approved
ACAD,Vascular Plant,Asterales,Asteraceae,133573,Artemisia stelleriana,,"Dusty Miler, Beach Wormwood",Unconfirmed,,,Non-native,,Approved
ACAD,Vascular Plant,Asterales,Asteraceae,133647,Artemisia vulgaris,,Common Mugwort,Present,,Common,Non-native,,Approved
ACAD,Vascular Plant,Asterales,Asteraceae,134292,Aster macrophyllus,,Large-leaved Aster,Present,,Common,Native,,Approved
ACAD,Vascular Plant,Asterales,Asteraceae,134596,Aster radula,,Rough-leaved Aster,Present,,Occasional,Native,,Approved
ACAD,Vascular Plant,Asterales,Asteraceae,134673,Bidens cernua,,"Nodding Bur Marigold, Stick-tight",Unconfirmed,,,Non-native,,Approved
ACAD,Vascular Plant,Asterales,Asteraceae,134681,Bidens connata,,Purple stem beggar's ticks,Unconfirmed,,,Native,,Approved
ACAD,Vascular Plant,Asterales,Asteraceae,134669,Bidens frondosa,,"Beggar Ticks, Stick-tight",Present,,Occasional,Native,,Approved
ACAD,Vascular Plant,Asterales,Asteraceae,152904,Bidens vulgata,,Tall Beggar Ticks,Unconfirmed,,,Native,,Approved
ACAD,Vascular Plant,Asterales,Asteraceae,136814,Centaurea cyanus,,Batchelor's Buttons,Present,,Uncommon,Non-native,,Approved
ACAD,Vascular Plant,Asterales,Asteraceae,136823,Centaurea jacea,,Brown knapweed,Present,,Uncommon,Non-native,,Approved
ACAD,Vascular Plant,Asterales,Asteraceae,136829,Centaurea nigra,,Black knapweed,Not In Park,Historical,,Non-native,,Approved
ACAD,Vascular Plant,Asterales,Asteraceae,173072,Chrysanthemum balsamita,,"Costmary, Mint-Geranium",Unconfirmed,,,Non-native,,Approved
ACAD,Vascular Plant,Asterales,Asteraceae,135800,Cichorium intybus,,Chicory,Present,,Uncommon,Non-native,,Approved
ACAD,Vascular Plant,Asterales,Asteraceae,139500,Cirsium arvense,,Canada Thistle,Present,,Common,Non-native,,Approved
ACAD,Vascular Plant,Asterales,Asteraceae,140061,Cirsium discolor,,Thistle,Present,,Uncommon,Native,,Approved
ACAD,Vascular Plant,Asterales,Asteraceae,140088,Cirsium muticum,,Swamp Thistle,Unconfirmed,,,Native,,Approved
ACAD,Vascular Plant,Asterales,Asteraceae,140134,Cirsium vulgare,,Bull Thistle,Present,,Common,Non-native,,Approved
ACAD,Vascular Plant,Asterales,Asteraceae,138585,Conyza canadensis,,Horseweed,Present,,Unknown,Native,,Approved
ACAD,Vascular Plant,Asterales,Asteraceae,171319,Doellingeria umbellata,,Flat-topped Aster,Present,,Common,Native,,Approved
ACAD,Vascular Plant,Asterales,Asteraceae,139580,Echinops sphaerocephalus,,Globe Thistle,Unconfirmed,,,Non-native,,Approved
ACAD,Vascular Plant,Asterales,Asteraceae,139614,Erechtites hieraciifolia,,Pilewort,Present,,Occasional,Native,,Approved
ACAD,Vascular Plant,Asterales,Asteraceae,135978,Erigeron annuus,,Daisy Fleabane,Present,,Occasional,Native,,Approved
ACAD,Vascular Plant,Asterales,Asteraceae,136944,Erigeron strigosus,,Lesser Daisy Fleabane,Present,,Occasional,Native,,Approved
ACAD,Vascular Plant,Asterales,Asteraceae,158061,Eupatorium maculatum,,Spotted Joe-Pye Weed,Present,,Occasional,Native,,Approved
ACAD,Vascular Plant,Asterales,Asteraceae,211114,Eupatorium perfoliatum var. perfoliatum,,Boneset,Present,,Occasional,Native,,Approved
ACAD,Vascular Plant,Asterales,Asteraceae,140446,Euthamia graminifolia,,Grass-leaved Goldenrod,Present,,Common,Native,,Approved
ACAD,Vascular Plant,Asterales,Asteraceae,211163,Euthamia graminifolia var. nuttallii,,Grass-leaved Goldenrod,Present,,Unknown,Native,,Approved
ACAD,Vascular Plant,Asterales,Asteraceae,140516,Galinsoga quadriradiata,,"Quickweed, Galinsoga",Present,,Common,Non-native,,Approved
ACAD,Vascular Plant,Asterales,Asteraceae,158128,Gnaphalium uliginosum,,Low Cudweed,Present,,Common,Native,,Approved
ACAD,Vascular Plant,Asterales,Asteraceae,142204,Helianthus annuus,,Common Sunflower,Present,,Unknown,Non-native,Cultivated,Approved
ACAD,Vascular Plant,Asterales,Asteraceae,133729,Helianthus tuberosus,,Jerusalem Artichoke,Present,,Unknown,Native,,Approved
ACAD,Vascular Plant,Asterales,Asteraceae,159182,Helianthus X laetiflorus,,Showy Sunflower,Unconfirmed,,,Non-native,,Approved
ACAD,Vascular Plant,Asterales,Asteraceae,210257,Heliopsis helianthoides var. scabra,,"Oxeye, False Sunflower",Unconfirmed,,,Non-native,,Approved
ACAD,Vascular Plant,Asterales,Asteraceae,142162,Hieracium aurantiacum,,"Devil's Paintbrush, Orange Hawkweed",Present,,Common,Non-native,,Approved
ACAD,Vascular Plant,Asterales,Asteraceae,161162,Hieracium caespitosum,,"Field Hawkweed, King Devil",Present,,Common,Non-native,,Approved
ACAD,Vascular Plant,Asterales,Asteraceae,142989,Hieracium canadense,,Canada Hawkweed,Present,,Common,Native,,Approved
ACAD,Vascular Plant,Asterales,Asteraceae,161192,Hieracium kalmii,,Canada Hawkweed,Not In Park,Historical,,Native,,Approved
ACAD,Vascular Plant,Asterales,Asteraceae,161194,Hieracium lachenalii,,Common Hawkweed,Present,,Common,Non-native,,Approved
ACAD,Vascular Plant,Asterales,Asteraceae,143007,Hieracium murorum,,Golden Lungwort,Present,,Occasional,Non-native,,Approved
ACAD,Vascular Plant,Asterales,Asteraceae,143008,Hieracium paniculatum,,Panicled Hawkweed,Present,,Unknown,Native,,Approved
ACAD,Vascular Plant,Asterales,Asteraceae,143011,Hieracium pilosella,,Mouse Ear,Present,,Common,Non-native,,Approved
ACAD,Vascular Plant,Asterales,Asteraceae,161207,Hieracium piloselloides,,"Smooth Hawkweed, King Devil",Unconfirmed,,,Non-native,,Approved
ACAD,Vascular Plant,Asterales,Asteraceae,143018,Hieracium scabrum,,Rough Hawkweed,Present,,Unknown,Native,,Approved
ACAD,Vascular Plant,Asterales,Asteraceae,211319,Hieracium scabrum var. tonsum,,Rough Hawkweed,Present,,Unknown,Native,,Approved
ACAD,Vascular Plant,Asterales,Asteraceae,142997,Hieracium X floribundum,,"Pale Hawkweed, King Devil",Present,,Unknown,Non-native,,Approved
ACAD,Vascular Plant,Asterales,Asteraceae,142182,Lactuca biennis,,Tall Blue Lettuce,Unconfirmed,,,Native,,Approved
ACAD,Vascular Plant,Asterales,Asteraceae,142181,Lactuca canadensis,,Wild Lettuce,Unconfirmed,,,Native,,Approved
ACAD,Vascular Plant,Asterales,Asteraceae,214045,Lactuca canadensis var. latifolia,,Wild Lettuce,Unconfirmed,,,Native,,Approved
ACAD,Vascular Plant,Asterales,Asteraceae,214048,Lactuca canadensis var. longifolia,,Wild Lettuce,Unconfirmed,,,Native,,Approved
ACAD,Vascular Plant,Asterales,Asteraceae,142194,Lactuca sativa,,Garden Lettuce,Present,,Uncommon,Non-native,,Approved
ACAD,Vascular Plant,Asterales,Asteraceae,143677,Lapsana communis,,Nipplewort,Present,,Occasional,Non-native,,Approved
ACAD,Vascular Plant,Asterales,Asteraceae,143735,Leontodon autumnalis,,Fall Dandelion,Present,,Common,Non-native,,Approved
ACAD,Vascular Plant,Asterales,Asteraceae,232386,Leontodon autumnalis var. pratensis,,Fall Dandelion,Unconfirmed,,,Non-native,,Approved
ACAD,Vascular Plant,Asterales,Asteraceae,143758,Leucanthemum vulgare,,Oxeye Daisy,Present,,Common,Non-native,,Approved
ACAD,Vascular Plant,Asterales,Asteraceae,153776,Matricaria discoidea,,Pineapple Weed,Present,,Common,Non-native,,Approved
ACAD,Vascular Plant,Asterales,Asteraceae,145873,Matricaria maritima,,Scentless Chamomile,Unconfirmed,,,Non-native,,Approved
ACAD,Vascular Plant,Asterales,Asteraceae,145875,Matricaria perforata,,Scentless Chamomile,Unconfirmed,,,Non-native,,Approved
ACAD,Vascular Plant,Asterales,Asteraceae,145876,Matricaria recutita,,Wild Chamomile,Unconfirmed,,,Non-native,,Approved
ACAD,Vascular Plant,Asterales,Asteraceae,161464,Mycelis muralis,,Wall Lettuce,Present,,Common,Non-native,,Approved
ACAD,Vascular Plant,Asterales,Asteraceae,170727,Oclemena acuminata,,Whorled or Mountain Aster,Present,,Common,Native,,Approved
ACAD,Vascular Plant,Asterales,Asteraceae,170731,Oclemena nemoralis,,Bog Aster,Present,,Occasional,Native,,Approved
ACAD,Vascular Plant,Asterales,Asteraceae,170729,Oclemena X blakei,,aster,Present,,Occasional,Native,,Approved
ACAD,Vascular Plant,Asterales,Asteraceae,216032,Petasites frigidus var. palmatus,,Sweet Coltsfoot,Present,,Rare,Native,,Approved
ACAD,Vascular Plant,Asterales,Asteraceae,136361,Prenanthes alba,,Rattlesnake root,Unconfirmed,,,Native,,Approved
ACAD,Vascular Plant,Asterales,Asteraceae,136364,Prenanthes altissima,,Tall White Lettuce,Present,,Occasional,Native,,Approved
ACAD,Vascular Plant,Asterales,Asteraceae,159768,Prenanthes nana,,Dwarf Rattlesnake-root,Not In Park,False Report,,Native,,Approved
ACAD,Vascular Plant,Asterales,Asteraceae,159770,Prenanthes trifoliolata,,Tall Rattlesnake-root,Present,,Common,Native,,Approved
ACAD,Vascular Plant,Asterales,Asteraceae,203007,Pseudognaphalium helleri ssp. micradenium,,Sweet Everlasting,Unconfirmed,,,Native,,Approved
ACAD,Vascular Plant,Asterales,Asteraceae,171192,Pseudognaphalium obtusifolium,,Fragrant everlasting,Present,,Unknown,Native,,Approved
ACAD,Vascular Plant,Asterales,Asteraceae,215718,Rudbeckia hirta var. hirta,,Coneflower,Unconfirmed,,,Native,,Approved
ACAD,Vascular Plant,Asterales,Asteraceae,215720,Rudbeckia hirta var. pulcherrima,,Black-eyed Susan,Present,,Occasional,Non-native,,Approved
ACAD,Vascular Plant,Asterales,Asteraceae,137496,Senecio aureus,,Golden Ragwort,Unconfirmed,,,Native,,Approved
ACAD,Vascular Plant,Asterales,Asteraceae,137493,Senecio jacobaea,,Stinking Willy,Present,,Unknown,Non-native,,Approved
ACAD,Vascular Plant,Asterales,Asteraceae,162136,Senecio schweinitzianus,,Robbin's Ragwort,Present,,Rare,Native,,Approved
ACAD,Vascular Plant,Asterales,Asteraceae,162142,Senecio sylvaticus,,Wood Ragwort,Present,,Occasional,Non-native,,Approved
ACAD,Vascular Plant,Asterales,Asteraceae,138542,Senecio vulgaris,,Common Groundsel,Present,,Occasional,Non-native,,Approved
ACAD,Vascular Plant,Asterales,Asteraceae,139388,Solidago bicolor,,Silver-rod,Present,,Common,Native,,Approved
ACAD,Vascular Plant,Asterales,Asteraceae,139377,Solidago canadensis,,Canada Goldenrod,Present,,Common,Native,,Approved
ACAD,Vascular Plant,Asterales,Asteraceae,139413,Solidago flexicaulis,,Zig-zag Goldenrod,Present,,Uncommon,Native,,Approved
ACAD,Vascular Plant,Asterales,Asteraceae,139415,Solidago gigantea,,Late Goldenrod,Unconfirmed,,,Native,,Approved
ACAD,Vascular Plant,Asterales,Asteraceae,139423,Solidago hispida,,Hairy Goldenrod,Unconfirmed,,,Native,,Approved
ACAD,Vascular Plant,Asterales,Asteraceae,139428,Solidago juncea,,Early Goldenrod,Present,,Occasional,Native,,Approved
ACAD,Vascular Plant,Asterales,Asteraceae,139440,Solidago nemoralis,,Gray Goldenrod,Present,,Occasional,Native,,Approved
ACAD,Vascular Plant,Asterales,Asteraceae,139454,Solidago puberula,,Downy Goldenrod,Present,,Common,Native,,Approved
ACAD,Vascular Plant,Asterales,Asteraceae,139459,Solidago rugosa,,Rough-stemmed Goldenrod,Present,,Common,Native,,Approved
ACAD,Vascular Plant,Asterales,Asteraceae,290870,Solidago rugosa var. villosa,,Rough-stemmed Goldenrod,Unconfirmed,,,Native,,Approved
ACAD,Vascular Plant,Asterales,Asteraceae,139379,Solidago sempervirens,,Seaside Goldenrod,Present,,Occasional,Native,,Approved
ACAD,Vascular Plant,Asterales,Asteraceae,202981,Solidago simplex ssp. randii,,Rand's Goldenrod,Present,,Common,Native,,Approved
ACAD,Vascular Plant,Asterales,Asteraceae,139477,Solidago squarrosa,,Stout Goldenrod,Not In Park,Historical,,Native,,Approved
ACAD,Vascular Plant,Asterales,Asteraceae,139480,Solidago uliginosa,,Swamp Goldenrod,Present,,Occasional,Native,,Approved
ACAD,Vascular Plant,Asterales,Asteraceae,137727,Sonchus arvensis,,Field Sow Thistle,Present,,Occasional,Non-native,,Approved
ACAD,Vascular Plant,Asterales,Asteraceae,137730,Sonchus asper,,Spiny-leaved Sow Thistle,Present,,Common,Non-native,,Approved
ACAD,Vascular Plant,Asterales,Asteraceae,137733,Sonchus oleraceus,,Common Sow Thistle,Present,,Occasional,Non-native,,Approved
ACAD,Vascular Plant,Asterales,Asteraceae,197671,Symphyotrichum ciliolatum,,Lindley's aster,Not In Park,Historical,,Native,,Approved
ACAD,Vascular Plant,Asterales,Asteraceae,197675,Symphyotrichum cordifolium,,Heart-leaved Aster,Present,,Occasional,Native,,Approved
ACAD,Vascular Plant,Asterales,Asteraceae,197695,Symphyotrichum ericoides,,white heath aster,Unconfirmed,,,Native,,Approved
ACAD,Vascular Plant,Asterales,Asteraceae,198400,Symphyotrichum lanceolatum,,Panicled Aster,Unconfirmed,,,Native,,Approved
ACAD,Vascular Plant,Asterales,Asteraceae,198403,Symphyotrichum lateriflorum,,Calico or Starved Aster,Present,,Common,Native,,Approved
ACAD,Vascular Plant,Asterales,Asteraceae,237328,Symphyotrichum lateriflorum var. hirsuticaule,,Calico or Starved Aster,Unconfirmed,,,Native,,Approved
ACAD,Vascular Plant,Asterales,Asteraceae,198415,Symphyotrichum novae-angliae,,New England Aster,Present,,Occasional,Native,,Approved
ACAD,Vascular Plant,Asterales,Asteraceae,295981,Symphyotrichum novi-belgii var. novi-belgii,,New York Aster,Present,,Common,Native,,Approved
ACAD,Vascular Plant,Asterales,Asteraceae,295983,Symphyotrichum novi-belgii var. villicaule,,hairy New York aster,Unconfirmed,,,Native,,Approved
ACAD,Vascular Plant,Asterales,Asteraceae,198432,Symphyotrichum pilosum,,Heath Aster,Not In Park,Historical,,Native,,Approved
ACAD,Vascular Plant,Asterales,Asteraceae,237353,Symphyotrichum praealtum var. angustior,,willowleaf aster,Present,,Uncommon,Native,,Approved
ACAD,Vascular Plant,Asterales,Asteraceae,198447,Symphyotrichum puniceum,,Purple-stemmed Aster,Present,,Occasional,Native,,Approved
ACAD,Vascular Plant,Asterales,Asteraceae,198449,Symphyotrichum racemosum,,Small White Aster,Unconfirmed,,,Native,,Approved
ACAD,Vascular Plant,Asterales,Asteraceae,198476,Symphyotrichum tradescantii,,Shore aster,Not In Park,Historical,,Native,,Approved
ACAD,Vascular Plant,Asterales,Asteraceae,198480,Symphyotrichum undulatum,,Wavy-leaved Aster,Unconfirmed,,,Native,,Approved
ACAD,Vascular Plant,Asterales,Asteraceae,139492,Tanacetum vulgare,,Tansy,Present,,Occasional,Non-native,,Approved
ACAD,Vascular Plant,Asterales,Asteraceae,138561,Taraxacum laevigatum,,Red-seeded Dandelion,Unconfirmed,,,Non-native,,Approved
ACAD,Vascular Plant,Asterales,Asteraceae,203867,Taraxacum officinale ssp. officinale,,Common Dandelion,Present,,Common,Non-native,,Approved
ACAD,Vascular Plant,Asterales,Asteraceae,138154,Tragopogon porrifolius,,"Salsify, oyster plant",Present,,Unknown,Non-native,,Approved
ACAD,Vascular Plant,Asterales,Asteraceae,138155,Tragopogon pratensis,,goat's beard,Present,,Uncommon,Non-native,,Approved
ACAD,Vascular Plant,Asterales,Asteraceae,138171,Tussilago farfara,,Coltsfoot,Present,,Uncommon,Non-native,,Approved
ACAD,Vascular Plant,Asterales,Campanulaceae,135360,Campanula aparinoides,,Marsh Bellflower,Present,,Occasional,Native,,Approved
ACAD,Vascular Plant,Asterales,Campanulaceae,136180,Campanula rapunculoides,,Creeping Bellfloweer,Present,,Occasional,Non-native,,Approved
ACAD,Vascular Plant,Asterales,Campanulaceae,136183,Campanula rotundifolia,,Harebell,Present,,Occasional,Native,,Approved
ACAD,Vascular Plant,Asterales,Campanulaceae,136193,Lobelia cardinalis,,Cardinal Flower,Unconfirmed,,,Native,,Approved
ACAD,Vascular Plant,Asterales,Campanulaceae,136205,Lobelia dortmanna,,Water Lobelia,Present,,Occasional,Native,,Approved
ACAD,Vascular Plant,Asterales,Campanulaceae,136214,Lobelia inflata,,Indian Tobacco,Present,,Occasional,Native,,Approved
ACAD,Vascular Plant,Asterales,Campanulaceae,136223,Lobelia spicata,,Spiked Lobelia,Unconfirmed,,,Native,,Approved
ACAD,Vascular Plant,Asterales,Campanulaceae,136984,Triodanis perfoliata,,Venus's Looking-glass,Unconfirmed,,,Native,,Approved
ACAD,Vascular Plant,Asterales,Menyanthaceae,129105,Menyanthes trifoliata,,Buckbean,Present,,Uncommon,Native,,Approved
ACAD,Vascular Plant,Asterales,Menyanthaceae,128185,Nymphoides cordata,,Floating Heart,Present,,Occasional,Native,,Approved
ACAD,Vascular Plant,Boraginales,Boraginaceae,84181,Anchusa arvensis,,Small Bugloss,Not In Park,Historical,,Non-native,,Approved
ACAD,Vascular Plant,Boraginales,Boraginaceae,131020,Anchusa officinalis,,Common Bugloss,Unconfirmed,,,Non-native,,Approved
ACAD,Vascular Plant,Boraginales,Boraginaceae,131030,Borago officinalis,,Borage,Present,,Unknown,Non-native,,Approved
ACAD,Vascular Plant,Boraginales,Boraginaceae,159254,Lappula squarrosa,,European Stickseed,Unconfirmed,,,Non-native,,Approved
ACAD,Vascular Plant,Boraginales,Boraginaceae,130292,Mertensia maritima,,"Sea Lungwort, Oysterleaf",Present,,Rare,Native,,Approved
ACAD,Vascular Plant,Boraginales,Boraginaceae,130991,Myosotis arvensis,,Forget-me-not,Unconfirmed,,,Non-native,,Approved
ACAD,Vascular Plant,Boraginales,Boraginaceae,130992,Myosotis discolor,,"changing forget-me-not, yellowandblue forget-me-not",Unconfirmed,,,Native,,Approved
ACAD,Vascular Plant,Boraginales,Boraginaceae,130325,Myosotis laxa,,True Forget-me-not,Unconfirmed,,,Native,,Approved
ACAD,Vascular Plant,Boraginales,Boraginaceae,130996,Myosotis scorpioides,,True Forget-me-not,Unconfirmed,,,Non-native,,Approved
ACAD,Vascular Plant,Boraginales,Boraginaceae,130997,Myosotis sylvatica,,Garden Forget-me-not,Unconfirmed,,,Non-native,,Approved
ACAD,Vascular Plant,Boraginales,Boraginaceae,132830,Symphytum officinale,,Comfrey,Present,,Unknown,Non-native,Cultivated,Approved
ACAD,Vascular Plant,Brassicales,Brassicaceae,90451,Alliaria petiolata,,Garlic Mustard,Present,,Occasional,Non-native,,Approved
ACAD,Vascular Plant,Brassicales,Brassicaceae,123368,Alyssum alyssoides,,Alyssum,Present,,Unknown,Non-native,Cultivated,Approved
ACAD,Vascular Plant,Brassicales,Brassicaceae,121249,Arabis drummondii,,Rock Cress,Present,,Rare,Native,,Approved
ACAD,Vascular Plant,Brassicales,Brassicaceae,208886,Arabis hirsuta var. pycnocarpa,,Hairy rock-cress,Unconfirmed,,,Native,,Approved
ACAD,Vascular Plant,Brassicales,Brassicaceae,123383,Armoracia rusticana,,Horseradish,Present,,Unknown,Non-native,Cultivated,Approved
ACAD,Vascular Plant,Brassicales,Brassicaceae,121308,Barbarea vulgaris,,"Winter Cress, Yellow Rocket",Present,,Common,Non-native,,Approved
ACAD,Vascular Plant,Brassicales,Brassicaceae,124457,Berteroa incana,,Hoary Alyssum,Unconfirmed,,,Non-native,,Approved
ACAD,Vascular Plant,Brassicales,Brassicaceae,124464,Brassica juncea,,Indian Mustard,Present,,Uncommon,Non-native,,Approved
ACAD,Vascular Plant,Brassicales,Brassicaceae,124467,Brassica nigra,,Black Mustard,Present,,Occasional,Non-native,,Approved
ACAD,Vascular Plant,Brassicales,Brassicaceae,124469,Brassica rapa,,"Field Mustard, Rape",Present,,Uncommon,Non-native,,Approved
ACAD,Vascular Plant,Brassicales,Brassicaceae,121323,Cakile edentula,,Sea Rocket,Present,,Common,Native,,Approved
ACAD,Vascular Plant,Brassicales,Brassicaceae,120479,Camelina microcarpa,,False Flax,Unconfirmed,,,Non-native,,Approved
ACAD,Vascular Plant,Brassicales,Brassicaceae,120482,Camelina sativa,,Gold-of-Pleasure,Unconfirmed,,,Non-native,,Approved
ACAD,Vascular Plant,Brassicales,Brassicaceae,121335,Capsella bursa-pastoris,,Shepherd's Purse,Present,,Common,Non-native,,Approved
ACAD,Vascular Plant,Brassicales,Brassicaceae,121370,Cardamine impatiens,,narrowleaf bittercress,Present,,Rare,Non-native,,Approved
ACAD,Vascular Plant,Brassicales,Brassicaceae,121375,Cardamine longii,,Long's Bitter Cress,Not In Park,False Report,,Native,,Approved
ACAD,Vascular Plant,Brassicales,Brassicaceae,211742,Cardamine parviflora var. arenicola,,Small-flowered Bitter Cress,Unconfirmed,,,Native,,Approved
ACAD,Vascular Plant,Brassicales,Brassicaceae,121342,Cardamine pensylvanica,,Pennsylvania Bitter Cress,Present,,Uncommon,Native,,Approved
ACAD,Vascular Plant,Brassicales,Brassicaceae,121343,Cardamine pratensis,,cuckoo flower,Present,,Uncommon,Non-native,,Approved
ACAD,Vascular Plant,Brassicales,Brassicaceae,124514,Conringia orientalis,,Hare's Ear Mustard,Unconfirmed,,,Non-native,,Approved
ACAD,Vascular Plant,Brassicales,Brassicaceae,122448,Draba verna,,Spring whitlow-grass,Present,,Occasional,Native,,Approved
ACAD,Vascular Plant,Brassicales,Brassicaceae,123260,Erysimum cheiranthoides,,"Treacle Mustard, Wormseed Mustard",Present,,Occasional,Non-native,,Approved
ACAD,Vascular Plant,Brassicales,Brassicaceae,124552,Hesperis matronalis,,Dame's Rocket,Present,,Occasional,Non-native,,Approved
ACAD,Vascular Plant,Brassicales,Brassicaceae,124560,Iberis umbellata,,Candytuft,Unconfirmed,,,Non-native,,Approved
ACAD,Vascular Plant,Brassicales,Brassicaceae,123283,Lepidium campestre,,Field Peppergrass,Present,,Uncommon,Non-native,,Approved
ACAD,Vascular Plant,Brassicales,Brassicaceae,123290,Lepidium densiflorum,,Peppergrass,Unconfirmed,,,Non-native,,Approved
ACAD,Vascular Plant,Brassicales,Brassicaceae,123284,Lepidium virginicum,,Wild Peppergrass,Present,,Uncommon,Native,,Approved
ACAD,Vascular Plant,Brassicales,Brassicaceae,125923,Raphanus raphanistrum,,Wild Radish,Present,,Occasional,Non-native,,Approved
ACAD,Vascular Plant,Brassicales,Brassicaceae,125925,Raphanus sativus,,Garden Radish,Present,,Unknown,Non-native,Cultivated,Approved
ACAD,Vascular Plant,Brassicales,Brassicaceae,206094,Rorippa palustris ssp. fernaldiana,,Marsh Yellow Cress,Unconfirmed,,,Native,,Approved
ACAD,Vascular Plant,Brassicales,Brassicaceae,123353,Rorippa sylvestris,,Creeping Yellow Cress,Unconfirmed,,,Non-native,,Approved
ACAD,Vascular Plant,Brassicales,Brassicaceae,125948,Sinapis arvensis,,Charlock,Unconfirmed,,,Non-native,,Approved
ACAD,Vascular Plant,Brassicales,Brassicaceae,125950,Sisymbrium altissimum,,Tumble Mustard,Unconfirmed,,,Non-native,,Approved
ACAD,Vascular Plant,Brassicales,Brassicaceae,125954,Sisymbrium officinale,,Hedge Mustard,Present,,Uncommon,Non-native,,Approved
ACAD,Vascular Plant,Brassicales,Brassicaceae,123360,Subularia aquatica,,Awlwort,Present,,Rare,Native,,Approved
ACAD,Vascular Plant,Brassicales,Brassicaceae,127139,Thlaspi arvense,,Field Pennycress,Present,,Uncommon,Non-native,,Approved
ACAD,Vascular Plant,Brassicales,Resedaceae,161870,Reseda alba,,"Dyer's rocket, Mignonette",Not In Park,Historical,,Non-native,,Approved
ACAD,Vascular Plant,Brassicales,Resedaceae,127160,Reseda lutea,,Mignonette,Present,,Rare,Native,,Approved
ACAD,Vascular Plant,Caryophyllales,Amaranthaceae,117557,Amaranthus albus,,Tumbleweed,Unconfirmed,,,Non-native,,Approved
ACAD,Vascular Plant,Caryophyllales,Amaranthaceae,118940,Amaranthus hybridus,,"Green Amaranth, Pigweed",Present,,Unknown,Non-native,Cultivated,Approved
ACAD,Vascular Plant,Caryophyllales,Amaranthaceae,120123,Amaranthus retroflexus,,"Green Amaranth, Pigweed",Present,,Common,Non-native,,Approved
ACAD,Vascular Plant,Caryophyllales,Amaranthaceae,152892,Atriplex acadiensis,,Maritime Saltbrush,Present,,Rare,Native,,Approved
ACAD,Vascular Plant,Caryophyllales,Amaranthaceae,113446,Atriplex glabriuscula,,Scotland Orache,Present,,Rare,Native,,Approved
ACAD,Vascular Plant,Caryophyllales,Amaranthaceae,291823,Atriplex littoralis,,Grassleaf Orache,Unconfirmed,,,Native,,Approved
ACAD,Vascular Plant,Caryophyllales,Amaranthaceae,110636,Atriplex patula,,Halberd-leaf Orache,Present,,Unknown,Non-native,,Approved
ACAD,Vascular Plant,Caryophyllales,Amaranthaceae,106142,Atriplex prostrata,,Halberd-leaved Orach,Present,,Occasional,Non-native,,Approved
ACAD,Vascular Plant,Caryophyllales,Amaranthaceae,117716,Chenopodium album,,"Lamb's Quarters, Pigweed",Present,,Common,Non-native,,Approved
ACAD,Vascular Plant,Caryophyllales,Amaranthaceae,118586,Chenopodium glaucum,,Oak-leaved goosefoot,Present,,Rare,Non-native,,Approved
ACAD,Vascular Plant,Caryophyllales,Amaranthaceae,119925,Chenopodium murale,,Nettle-leaved goosefoot,Unconfirmed,,,Non-native,,Approved
ACAD,Vascular Plant,Caryophyllales,Amaranthaceae,153811,Chenopodium simplex,,Maple-leaved Goosefoot,Unconfirmed,,,Native,,Approved
ACAD,Vascular Plant,Caryophyllales,Amaranthaceae,195366,Salicornia depressa,,"Slender Glasswort, Samphire",Present,,Common,Native,,Approved
ACAD,Vascular Plant,Caryophyllales,Amaranthaceae,159389,Salicornia maritima,,"Slender Glasswort, Samphire",Unconfirmed,,,Native,,Approved
ACAD,Vascular Plant,Caryophyllales,Amaranthaceae,111892,Salsola kali,,Common Saltwort,Unconfirmed,,,Native,,Approved
ACAD,Vascular Plant,Caryophyllales,Amaranthaceae,165468,Suaeda calceoliformis,,American Sea Blite,Present,,Rare,Native,,Approved
ACAD,Vascular Plant,Caryophyllales,Amaranthaceae,111959,Suaeda linearis,,Tall Seal Blite,Present,,Uncommon,Native,,Approved
ACAD,Vascular Plant,Caryophyllales,Amaranthaceae,203848,Suaeda maritima ssp. maritima,,Low Sea Blite,Present,,Common,Native,,Approved
ACAD,Vascular Plant,Caryophyllales,Amaranthaceae,203850,Suaeda maritima ssp. richii,,Rich's Sea Blite,Unconfirmed,,,Native,,Approved
ACAD,Vascular Plant,Caryophyllales,Caryophyllaceae,106733,Agrostemma githago,,Corn Cockle; purple cockle,Unconfirmed,,,Non-native,,Approved
ACAD,Vascular Plant,Caryophyllales,Caryophyllaceae,109473,Cerastium arvense,,Field Chickweed,Present,,Uncommon,Native,,Approved
ACAD,Vascular Plant,Caryophyllales,Caryophyllaceae,202723,Cerastium fontanum ssp. vulgare,,Mouse-ear Chickweed,Present,,Common,Non-native,,Approved
ACAD,Vascular Plant,Caryophyllales,Caryophyllaceae,110349,Cerastium tomentosum,,Chickweed,Unconfirmed,,,Non-native,,Approved
ACAD,Vascular Plant,Caryophyllales,Caryophyllaceae,110047,Dianthus armeria,,Deptford Pink,Present,,Uncommon,Non-native,,Approved
ACAD,Vascular Plant,Caryophyllales,Caryophyllaceae,110069,Dianthus deltoides,,Maiden Pink,Unconfirmed,,,Non-native,,Approved
ACAD,Vascular Plant,Caryophyllales,Caryophyllaceae,110080,Dianthus plumarius,,"Grass Pink, Garden Pink",Unconfirmed,,,Non-native,,Approved
ACAD,Vascular Plant,Caryophyllales,Caryophyllaceae,111374,Honckenya peploides ssp. robusta,,Seabeach Sandwort,Present,,Rare,Native,,Approved
ACAD,Vascular Plant,Caryophyllales,Caryophyllaceae,113750,Minuartia glabra,,Mountain Sandwort,Present,,Uncommon,Native,,Approved
ACAD,Vascular Plant,Caryophyllales,Caryophyllaceae,289934,Minuartia groenlandica,,Mountain Sandwort,Present,,Occasional,Native,,Approved
ACAD,Vascular Plant,Caryophyllales,Caryophyllaceae,114799,Moehringia lateriflora,,Blunt-leaved or Grove Sandwort,Present,,Occasional,Native,,Approved
ACAD,Vascular Plant,Caryophyllales,Caryophyllaceae,116450,Sagina nodosa ssp. borealis,,Pearlwort,Present,,Rare,Native,,Approved
ACAD,Vascular Plant,Caryophyllales,Caryophyllaceae,116439,Sagina nodosa ssp. nodosa,,Pearlwort,Unconfirmed,,,Native,,Approved
ACAD,Vascular Plant,Caryophyllales,Caryophyllaceae,116461,Sagina procumbens,,Birdseye,Present,,Occasional,Native,,Approved
ACAD,Vascular Plant,Caryophyllales,Caryophyllaceae,116516,Saponaria officinalis,,"Soapwort, Bouncing Bet",Present,,Uncommon,Non-native,,Approved
ACAD,Vascular Plant,Caryophyllales,Caryophyllaceae,117118,Silene antirrhina,,Sleepy Catchfly,Not In Park,Historical,,Native,,Approved
ACAD,Vascular Plant,Caryophyllales,Caryophyllaceae,117140,Silene armeria,,Garden Catchfly,Present,,Uncommon,Non-native,,Approved
ACAD,Vascular Plant,Caryophyllales,Caryophyllaceae,202972,Silene latifolia ssp. alba,,"White Campion, White Cockle",Present,,Uncommon,Non-native,,Approved
ACAD,Vascular Plant,Caryophyllales,Caryophyllaceae,106388,Silene noctiflora,,Night-flowering Catchfly,Unconfirmed,,,Non-native,,Approved
ACAD,Vascular Plant,Caryophyllales,Caryophyllaceae,107097,Silene nutans,,"Catchfly, Campion",Unconfirmed,,,Non-native,,Approved
ACAD,Vascular Plant,Caryophyllales,Caryophyllaceae,110819,Silene vulgaris,,Bladder Campion,Present,,Common,Non-native,,Approved
ACAD,Vascular Plant,Caryophyllales,Caryophyllaceae,164019,Spergula arvensis,,Corn Spurry,Present,,Occasional,Non-native,,Approved
ACAD,Vascular Plant,Caryophyllales,Caryophyllaceae,110919,Spergularia canadensis,,White Marsh Spurry,Present,,Uncommon,Native,,Approved
ACAD,Vascular Plant,Caryophyllales,Caryophyllaceae,111610,Spergularia rubra,,Sand Spurry,Present,,Uncommon,Non-native,,Approved
ACAD,Vascular Plant,Caryophyllales,Caryophyllaceae,164998,Spergularia salina,,Salt-marsh Sand Spurry,Present,,Uncommon,Non-native,,Approved
ACAD,Vascular Plant,Caryophyllales,Caryophyllaceae,112491,Stellaria alsine,,Bog Chickweed,Unconfirmed,,,Native,,Approved
ACAD,Vascular Plant,Caryophyllales,Caryophyllaceae,164818,Stellaria borealis,,Chickweed,Unconfirmed,,,Native,,Approved
ACAD,Vascular Plant,Caryophyllales,Caryophyllaceae,112524,Stellaria calycantha,,Chickweed,Unconfirmed,,,Native,,Approved
ACAD,Vascular Plant,Caryophyllales,Caryophyllaceae,113260,Stellaria graminea,,Lesser Stitchwort,Present,,Common,Non-native,,Approved
ACAD,Vascular Plant,Caryophyllales,Caryophyllaceae,112424,Stellaria humifusa,,Chickweed,Unconfirmed,,,Native,,Approved
ACAD,Vascular Plant,Caryophyllales,Caryophyllaceae,113304,Stellaria longifolia,,Long-leaved Stitchwort,Unconfirmed,,,Native,,Approved
ACAD,Vascular Plant,Caryophyllales,Caryophyllaceae,112457,Stellaria media,,Common Chickweed,Present,,Common,Non-native,,Approved
ACAD,Vascular Plant,Caryophyllales,Caryophyllaceae,163555,Vaccaria hispanica,,"Cowherb, Cow Cockle",Unconfirmed,,,Non-native,,Approved
ACAD,Vascular Plant,Caryophyllales,Droseraceae,125894,Drosera intermedia,,Spatulate-leaved Sundew,Present,,Uncommon,Native,,Approved
ACAD,Vascular Plant,Caryophyllales,Droseraceae,125898,Drosera rotundifolia,,Round-leaved Sundew,Present,,Common,Native,,Approved
ACAD,Vascular Plant,Caryophyllales,Droseraceae,210970,Drosera rotundifolia var. comosa,,Round-leaved Sundew,Not In Park,Historical,,Native,,Approved
ACAD,Vascular Plant,Caryophyllales,Molluginaceae,112102,Mollugo verticillata,,Carpetweed,Unconfirmed,,,Non-native,,Approved
ACAD,Vascular Plant,Caryophyllales,Montiaceae,111335,Montia fontana,,Blinks,Present,,Rare,Native,,Approved
ACAD,Vascular Plant,Caryophyllales,Plumbaginaceae,121531,Limonium carolinianum,,Sea Lavender,Present,,Occasional,Native,,Approved
ACAD,Vascular Plant,Caryophyllales,Polygonaceae,159039,Fagopyrum esculentum,,Buckwheat,Present,,Uncommon,Non-native,,Approved
ACAD,Vascular Plant,Caryophyllales,Polygonaceae,182229,Fallopia cilinodis,,Fringed Bindweed,Present,,Occasional,Native,,Approved
ACAD,Vascular Plant,Caryophyllales,Polygonaceae,182231,Fallopia convolvulus,,Black Bindweed,Present,,Occasional,Non-native,,Approved
ACAD,Vascular Plant,Caryophyllales,Polygonaceae,289666,Fallopia japonica,,Japanese Knotweed,Present,,Occasional,Non-native,,Approved
ACAD,Vascular Plant,Caryophyllales,Polygonaceae,182233,Fallopia scandens,,False Buckwheat,Present,,Uncommon,Native,,Approved
ACAD,Vascular Plant,Caryophyllales,Polygonaceae,231758,Persicaria amphibia var. stipulacea,,Water Smartweed,Present,,Uncommon,Non-native,,Approved
ACAD,Vascular Plant,Caryophyllales,Polygonaceae,191636,Persicaria careyi,,Carey's Knotweed,Present,,Uncommon,Native,,Approved
ACAD,Vascular Plant,Caryophyllales,Polygonaceae,191645,Persicaria hydropiper,,"Common Smartweed, Water Pepper",Present,,Uncommon,Native,,Approved
ACAD,Vascular Plant,Caryophyllales,Polygonaceae,191651,Persicaria lapathifolia,,"Nodding Smartweed, Pale Smartweed",Present,,Uncommon,Native,,Approved
ACAD,Vascular Plant,Caryophyllales,Polygonaceae,670541,Persicaria maculosa,,Lady's Thumb,Present,,Occasional,Non-native,,Approved
ACAD,Vascular Plant,Caryophyllales,Polygonaceae,191672,Persicaria pensylvanica,,"Pink Knotweed, Pinkweed",Present,,Uncommon,Native,,Approved
ACAD,Vascular Plant,Caryophyllales,Polygonaceae,191680,Persicaria punctata,,knotweed,Unconfirmed,,,Native,,Approved
ACAD,Vascular Plant,Caryophyllales,Polygonaceae,161002,Persicaria sagittata,,Arrow-leaved Tearthumb,Present,,Occasional,Native,,Approved
ACAD,Vascular Plant,Caryophyllales,Polygonaceae,120837,Polygonella articulata,,jointed or sand knotweed,Present,,Uncommon,Native,,Approved
ACAD,Vascular Plant,Caryophyllales,Polygonaceae,118703,Polygonum arenastrum,,Dooryard Knotweed,Present,,Occasional,Non-native,,Approved
ACAD,Vascular Plant,Caryophyllales,Polygonaceae,118747,Polygonum aviculare,,"Doorweed, Common Knotgrass",Present,,Occasional,Non-native,,Approved
ACAD,Vascular Plant,Caryophyllales,Polygonaceae,118814,Polygonum buxiforme,,"Doorweed, Common Knotgrass",Unconfirmed,,,Non-native,,Approved
ACAD,Vascular Plant,Caryophyllales,Polygonaceae,119617,Polygonum fowleri,,knotweed,Not In Park,Historical,,Native,,Approved
ACAD,Vascular Plant,Caryophyllales,Polygonaceae,193666,Polygonum prolificum,,knotweed,Present,,Uncommon,Native,,Approved
ACAD,Vascular Plant,Caryophyllales,Polygonaceae,122048,Polygonum raii,,knotweed,Unconfirmed,,,Native,,Approved
ACAD,Vascular Plant,Caryophyllales,Polygonaceae,122594,Polygonum ramosissimum,,Bushy Knotweed,Present,,Uncommon,Native,,Approved
ACAD,Vascular Plant,Caryophyllales,Polygonaceae,115834,Rumex acetosella,,Sheep Sorrel,Present,,Common,Non-native,,Approved
ACAD,Vascular Plant,Caryophyllales,Polygonaceae,117338,Rumex altissimus,,Dock,Unconfirmed,,,Native,,Approved
ACAD,Vascular Plant,Caryophyllales,Polygonaceae,115867,Rumex crispus,,Curled Dock,Present,,Occasional,Non-native,,Approved
ACAD,Vascular Plant,Caryophyllales,Polygonaceae,165147,Rumex longifolius,,Dock,Unconfirmed,,,Non-native,,Approved
ACAD,Vascular Plant,Caryophyllales,Polygonaceae,115889,Rumex obtusifolius,,"Bitter Dock, Broad-leaved Dock",Present,,Uncommon,Non-native,,Approved
ACAD,Vascular Plant,Caryophyllales,Polygonaceae,119120,Rumex orbiculatus,,Great Water Dock,Present,,Occasional,Native,,Approved
ACAD,Vascular Plant,Caryophyllales,Polygonaceae,119122,Rumex pallidus,,"White Dock, Seabeach Dock",Unconfirmed,,,Native,,Approved
ACAD,Vascular Plant,Caryophyllales,Polygonaceae,119124,Rumex patientia,,Patience Dock,Unconfirmed,,,Non-native,,Approved
ACAD,Vascular Plant,Caryophyllales,Polygonaceae,216462,Rumex salicifolius var. mexicanus,,Willow Dock,Present,,Uncommon,Native,,Approved
ACAD,Vascular Plant,Caryophyllales,Polygonaceae,117305,Rumex verticillatus,,Swamp Dock,Unconfirmed,,,Native,,Approved
ACAD,Vascular Plant,Caryophyllales,Portulacaceae,113142,Portulaca oleracea,,Purslane,Unconfirmed,,,Non-native,,Approved
ACAD,Vascular Plant,Celastrales,Celastraceae,131944,Celastrus orbiculata,,Asiatic Bittersweet,Present,,Occasional,Non-native,,Approved
ACAD,Vascular Plant,Ceratophyllales,Ceratophyllaceae,151881,Ceratophyllum echinatum,,Prickly Hornwort,Present,,Rare,Native,,Approved
ACAD,Vascular Plant,Commelinales,Pontederiaceae,149529,Pontederia cordata,,Pickerelweed,Present,,Occasional,Native,,Approved
ACAD,Vascular Plant,Cornales,Cornaceae,130566,Cornus alternifolia,,Pagoda Dogwood,Present,,Occasional,Native,,Approved
ACAD,Vascular Plant,Cornales,Cornaceae,130569,Cornus canadensis,,Bunchberry,Present,,Common,Native,,Approved
ACAD,Vascular Plant,Cornales,Cornaceae,130563,Cornus rugosa,,Round-leaved Dogwood,Present,,Uncommon,Native,,Approved
ACAD,Vascular Plant,Cornales,Cornaceae,155953,Cornus sericea,,Red-osier Dogwood,Present,,Unknown,Non-native,Cultivated,Approved
ACAD,Vascular Plant,Cucurbitales,Cucurbitaceae,118494,Echinocystis lobata,,Wild Cucumber,Unconfirmed,,,Non-native,,Approved
ACAD,Vascular Plant,Dipsacales,Adoxaceae,131706,Sambucus canadensis,,Common Elder,Present,,Occasional,Native,,Approved
ACAD,Vascular Plant,Dipsacales,Adoxaceae,131718,Sambucus racemosa ssp. pubens,,"Red-berried Elder, Stinking Elder",Present,,Common,Native,,Approved
ACAD,Vascular Plant,Dipsacales,Adoxaceae,130838,Viburnum acerifolium,,Maple-leaved Viburnum,Present,,Occasional,Native,,Approved
ACAD,Vascular Plant,Dipsacales,Adoxaceae,214151,Viburnum dentatum var. dentatum,,Southern Arrrowwood,Present,,Occasional,Non-native,,Approved
ACAD,Vascular Plant,Dipsacales,Adoxaceae,214153,Viburnum dentatum var. lucidum,,Northern Arrowwood,Present,,Rare,Native,,Approved
ACAD,Vascular Plant,Dipsacales,Adoxaceae,130849,Viburnum lantanoides,,Hobble Bush,Present,,Occasional,Native,,Approved
ACAD,Vascular Plant,Dipsacales,Adoxaceae,214159,Viburnum nudum var. cassinoides,,"Witherod, Wild Raisin",Present,,Common,Native,,Approved
ACAD,Vascular Plant,Dipsacales,Adoxaceae,215326,Viburnum opulus var. opulus,,Highbush Cranberry,Present,,Occasional,Non-native,,Approved
ACAD,Vascular Plant,Dipsacales,Caprifoliaceae,131667,Lonicera canadensis,,American Fly Honeysuckle,Present,,Uncommon,Native,,Approved
ACAD,Vascular Plant,Dipsacales,Caprifoliaceae,131668,Lonicera japonica,,Japanese honeysuckle,Present,,Rare,Native,,Approved
ACAD,Vascular Plant,Dipsacales,Caprifoliaceae,131685,Lonicera morrowii,,Morrow's Honeysuckle,Present,,Uncommon,Non-native,,Approved
ACAD,Vascular Plant,Dipsacales,Caprifoliaceae,162346,Lonicera villosa,,Mountain Fly Honeysuckle,Present,,Uncommon,Native,,Approved
ACAD,Vascular Plant,Dipsacales,Caprifoliaceae,211349,Lonicera villosa var. calvescens,,Mountain Fly Honeysuckle,Present,,Uncommon,Native,,Approved
ACAD,Vascular Plant,Dipsacales,Caprifoliaceae,211353,Lonicera villosa var. solonis,,Mountain Fly Honeysuckle,Present,,Uncommon,Native,,Approved
ACAD,Vascular Plant,Dipsacales,Caprifoliaceae,131671,Lonicera X bella,,honeysuckle,Present,,Uncommon,Non-native,,Approved
ACAD,Vascular Plant,Dipsacales,Caprifoliaceae,131696,Lonicera xylosteum,,European fly-honeysuckle,Present,,Uncommon,Non-native,,Approved
ACAD,Vascular Plant,Dipsacales,Caprifoliaceae,131723,Symphoricarpos albus,,Snowberry,Present,,Uncommon,Non-native,,Approved
ACAD,Vascular Plant,Dipsacales,Diervillaceae,131699,Diervilla lonicera,,Bush Honeysuckle,Present,,Common,Native,,Approved
ACAD,Vascular Plant,Dipsacales,Linnaeaceae,201484,Linnaea borealis ssp. longiflora,,"Twinflower, Linnaea",Present,,Occasional,Native,,Approved
ACAD,Vascular Plant,Dipsacales,Valerianaceae,131757,Valeriana officinalis,,"Garden Heliotrope, Garden Valerian",Present,,Occasional,Non-native,,Approved
ACAD,Vascular Plant,Equisetales,Equisetaceae,79672,Equisetum arvense,,Field Horsetail,Present,,Occasional,Native,,Approved
ACAD,Vascular Plant,Equisetales,Equisetaceae,79650,Equisetum fluviatile,,Water Horsetail,Present,,Uncommon,Native,,Approved
ACAD,Vascular Plant,Equisetales,Equisetaceae,79683,Equisetum palustre,,Marsh Horsetail,Not In Park,False Report,,Native,,Approved
ACAD,Vascular Plant,Equisetales,Equisetaceae,80575,Equisetum sylvaticum,,Plumy Horsetail,Present,,Common,Native,,Approved
ACAD,Vascular Plant,Ericales,Actinidiaceae,169757,Actinidia arguta,,"Chinese Gooseberry, Hardy Kiwi",Present,,Uncommon,Non-native,,Approved
ACAD,Vascular Plant,Ericales,Balsaminaceae,130156,Impatiens capensis,,"Jewelweed, Spotted Touch-me-not",Present,,Occasional,Native,,Approved
ACAD,Vascular Plant,Ericales,Balsaminaceae,130161,Impatiens glandulifera,,Himalayan Balsam,Present,,Uncommon,Non-native,,Approved
ACAD,Vascular Plant,Ericales,Clethraceae,127175,Clethra alnifolia,,Sweet Pepperbush,Not In Park,False Report,,Native,,Approved
ACAD,Vascular Plant,Ericales,Ericaceae,208880,Andromeda polifolia var. glaucophylla,,Bog Rosemary,Present,,Occasional,Native,,Approved
ACAD,Vascular Plant,Ericales,Ericaceae,127657,Arctostaphylos uva-ursi,,Bearberry,Present,,Occasional,Native,,Approved
ACAD,Vascular Plant,Ericales,Ericaceae,127781,Calluna vulgaris,,Scotch Heather,Present,,Rare,Non-native,,Approved
ACAD,Vascular Plant,Ericales,Ericaceae,127784,Chamaedaphne calyculata,,Leatherleaf,Present,,Occasional,Native,,Approved
ACAD,Vascular Plant,Ericales,Ericaceae,203456,Chimaphila umbellata ssp. cisatlantica,,Pipsissewa,Present,,Rare,Native,,Approved
ACAD,Vascular Plant,Ericales,Ericaceae,120192,Corema conradii,,Broom Crowberry,Present,,Uncommon,Native,,Approved
ACAD,Vascular Plant,Ericales,Ericaceae,120184,Empetrum nigrum,,Black Crowberry,Present,,Occasional,Native,,Approved
ACAD,Vascular Plant,Ericales,Ericaceae,119272,Epigaea repens,,"Trailing Arbutus, Mayflower",Present,,Uncommon,Native,,Approved
ACAD,Vascular Plant,Ericales,Ericaceae,119280,Gaultheria hispidula,,Creeping Snowberry,Present,,Occasional,Native,,Approved
ACAD,Vascular Plant,Ericales,Ericaceae,119284,Gaultheria procumbens,,"Wintergreen, Checkerberry",Present,,Common,Native,,Approved
ACAD,Vascular Plant,Ericales,Ericaceae,119288,Gaylussacia baccata,,Black Huckleberry,Present,,Common,Native,,Approved
ACAD,Vascular Plant,Ericales,Ericaceae,212294,Gaylussacia dumosa var. bigeloviana,,Dwarf Huckleberry,Present,,Occasional,Native,,Approved
ACAD,Vascular Plant,Ericales,Ericaceae,158318,Kalmia angustifolia,,"Sheep Laurel, Lambkill",Present,,Common,Native,,Approved
ACAD,Vascular Plant,Ericales,Ericaceae,119306,Kalmia latifolia,,Mountain Laurel,Not In Park,Historical,,Native,,Approved
ACAD,Vascular Plant,Ericales,Ericaceae,119308,Kalmia polifolia,,Pale Laurel,Present,,Occasional,Native,,Approved
ACAD,Vascular Plant,Ericales,Ericaceae,161413,Moneses uniflora,,One-flowered Pyrola,Present,,Rare,Native,,Approved
ACAD,Vascular Plant,Ericales,Ericaceae,161418,Monotropa hypopithys,,Pinesap,Present,,Uncommon,Native,,Approved
ACAD,Vascular Plant,Ericales,Ericaceae,120222,Monotropa uniflora,,Indian pipe,Present,,Occasional,Native,,Approved
ACAD,Vascular Plant,Ericales,Ericaceae,157180,Orthilia secunda,,One-sided Pyrola,Present,,Uncommon,Native,,Approved
ACAD,Vascular Plant,Ericales,Ericaceae,160801,Pyrola americana,,Round-leaved Pyrola,Present,,Occasional,Native,,Approved
ACAD,Vascular Plant,Ericales,Ericaceae,120199,Pyrola chlorantha,,Greenish-flowered Pyrola,Present,,Uncommon,Native,,Approved
ACAD,Vascular Plant,Ericales,Ericaceae,120201,Pyrola elliptica,,Shinleaf,Present,,Occasional,Native,,Approved
ACAD,Vascular Plant,Ericales,Ericaceae,119345,Rhododendron canadense,,Rhodora,Present,,Common,Native,,Approved
ACAD,Vascular Plant,Ericales,Ericaceae,193215,Rhododendron groenlandicum,,Labrador Tea,Present,,Common,Native,,Approved
ACAD,Vascular Plant,Ericales,Ericaceae,119367,Rhododendron viscosum,,"Clammy Azalea, Swamp Honeysuckle",Not In Park,False Report,,Native,,Approved
ACAD,Vascular Plant,Ericales,Ericaceae,127710,Vaccinium angustifolium,,Low Blueberry,Present,,Common,Native,,Approved
ACAD,Vascular Plant,Ericales,Ericaceae,127715,Vaccinium boreale,,Northern Blueberry,Present,,Rare,Native,,Approved
ACAD,Vascular Plant,Ericales,Ericaceae,127719,Vaccinium cespitosum,,Dwarf Bilberry,Present,,Rare,Native,,Approved
ACAD,Vascular Plant,Ericales,Ericaceae,127704,Vaccinium corymbosum,,Highbush Blueberry,Present,,Occasional,Native,,Approved
ACAD,Vascular Plant,Ericales,Ericaceae,127732,Vaccinium macrocarpon,,Large Cranberry,Present,,Occasional,Native,,Approved
ACAD,Vascular Plant,Ericales,Ericaceae,127747,Vaccinium myrtilloides,,Velvetleaf Blueberry,Present,,Occasional,Native,,Approved
ACAD,Vascular Plant,Ericales,Ericaceae,127753,Vaccinium oxycoccus,,Small Cranberry,Present,,Occasional,Native,,Approved
ACAD,Vascular Plant,Ericales,Ericaceae,127755,Vaccinium pallidum,,Hillside Blueberry,Present,,Rare,Native,,Approved
ACAD,Vascular Plant,Ericales,Ericaceae,127705,Vaccinium uliginosum,,Bog Blueberry,Not In Park,Historical,,Native,,Approved
ACAD,Vascular Plant,Ericales,Ericaceae,204513,Vaccinium vitis-idaea ssp. minus,,Mountain Cranberry,Present,,Common,Native,,Approved
ACAD,Vascular Plant,Ericales,Primulaceae,121724,Anagallis arvensis,,Scarlet Pimpernel,Present,,Occasional,Non-native,,Approved
ACAD,Vascular Plant,Ericales,Primulaceae,121656,Glaux maritima,,Sea Milkwort,Present,,Uncommon,Native,,Approved
ACAD,Vascular Plant,Ericales,Primulaceae,201345,Glaux maritima ssp. obtusifolia,,Sea Milkwort,Unconfirmed,,,Native,,Approved
ACAD,Vascular Plant,Ericales,Primulaceae,121658,Lysimachia ciliata,,Fringed Loosestrife,Not In Park,Historical,,Native,,Approved
ACAD,Vascular Plant,Ericales,Primulaceae,121668,Lysimachia nummularia,,Moneywort,Present,,Uncommon,Non-native,,Approved
ACAD,Vascular Plant,Ericales,Primulaceae,121672,Lysimachia quadrifolia,,Whorled Loosestrife,Present,,Occasional,Native,,Approved
ACAD,Vascular Plant,Ericales,Primulaceae,121659,Lysimachia terrestris,,Swamp Candles,Present,,Occasional,Native,,Approved
ACAD,Vascular Plant,Ericales,Primulaceae,121677,Lysimachia thyrsiflora,,Tufted Loosestrife,Present,,Rare,Native,,Approved
ACAD,Vascular Plant,Ericales,Primulaceae,121679,Lysimachia vulgaris,,Garden Loosestrife,Present,,Uncommon,Non-native,,Approved
ACAD,Vascular Plant,Ericales,Primulaceae,121669,Lysimachia X producta,,Loosestrife,Unconfirmed,,,Native,,Approved
ACAD,Vascular Plant,Ericales,Primulaceae,121735,Trientalis borealis,,Starflower,Present,,Common,Native,,Approved
ACAD,Vascular Plant,Ericales,Sarraceniaceae,125871,Sarracenia purpurea,,"Pitcher Plant, Sidesaddle Flower",Present,,Occasional,Native,,Approved
ACAD,Vascular Plant,Fabales,Fabaceae,93011,Amphicarpaea bracteata,,Hog Peanut,Present,,Uncommon,Native,,Approved
ACAD,Vascular Plant,Fabales,Fabaceae,121397,Apios americana,,"Groundnut, Wild Bean",Present,,Rare,Native,,Approved
ACAD,Vascular Plant,Fabales,Fabaceae,129226,Coronilla varia,,Crown Vetch,Present,,Uncommon,Non-native,,Approved
ACAD,Vascular Plant,Fabales,Fabaceae,123853,Desmodium glutinosum,,Pointed-leaved Tick Trefoil,Not In Park,Historical,,Native,,Approved
ACAD,Vascular Plant,Fabales,Fabaceae,121864,Genista tinctoria,,Dyer's Greenwood,Present,,Rare,Non-native,,Approved
ACAD,Vascular Plant,Fabales,Fabaceae,214930,Lathyrus japonicus var. maritimus,,Beach Pea,Present,,Occasional,Native,,Approved
ACAD,Vascular Plant,Fabales,Fabaceae,214934,Lathyrus japonicus var. pellitus,,Beach Pea,Present,,Uncommon,Native,,Approved
ACAD,Vascular Plant,Fabales,Fabaceae,124594,Lathyrus palustris,,Marsh Vetchling,Present,,Uncommon,Native,,Approved
ACAD,Vascular Plant,Fabales,Fabaceae,124603,Lathyrus pratensis,,Yellow Vetchling,Present,,Uncommon,Non-native,,Approved
ACAD,Vascular Plant,Fabales,Fabaceae,128212,Lotus corniculatus,,Birdsfoot Trefoil,Present,,Uncommon,Non-native,,Approved
ACAD,Vascular Plant,Fabales,Fabaceae,124656,Lupinus polyphyllus,,Garden Lupine,Present,,Occasional,Non-native,,Approved
ACAD,Vascular Plant,Fabales,Fabaceae,158887,Medicago lupulina,,Black Medick,Present,,Unknown,Non-native,,Approved
ACAD,Vascular Plant,Fabales,Fabaceae,94869,Medicago sativa,,"Alfalfa, Lucerne",Present,,Unknown,Non-native,,Approved
ACAD,Vascular Plant,Fabales,Fabaceae,126514,Melilotus officinalis,,White Sweet Clover,Present,,Uncommon,Non-native,,Approved
ACAD,Vascular Plant,Fabales,Fabaceae,126559,Robinia hispida,,Bristly Locust,Present,,Uncommon,Native,,Approved
ACAD,Vascular Plant,Fabales,Fabaceae,126552,Robinia pseudo-acacia,,Black Locust,Present,,Occasional,Non-native,,Approved
ACAD,Vascular Plant,Fabales,Fabaceae,126566,Robinia viscosa,,Clammy Locust,Unconfirmed,,,Non-native,,Approved
ACAD,Vascular Plant,Fabales,Fabaceae,125131,Thermopsis mollis,,"Bush pea, Piedmont buckbean",Present,,Rare,Non-native,,Approved
ACAD,Vascular Plant,Fabales,Fabaceae,127259,Trifolium arvense,,Rabbit-foot Clover,Present,,Common,Non-native,,Approved
ACAD,Vascular Plant,Fabales,Fabaceae,127261,Trifolium aureum,,"Hop Clover, Yellow clover",Present,,Occasional,Non-native,,Approved
ACAD,Vascular Plant,Fabales,Fabaceae,127270,Trifolium campestre,,Low Hop Clover,Present,,Occasional,Non-native,,Approved
ACAD,Vascular Plant,Fabales,Fabaceae,126575,Trifolium dubium,,Little Hop Clover,Unconfirmed,,,Non-native,,Approved
ACAD,Vascular Plant,Fabales,Fabaceae,127303,Trifolium hybridum,,"Alsike, Alsatian Clover",Present,,Uncommon,Non-native,,Approved
ACAD,Vascular Plant,Fabales,Fabaceae,127361,Trifolium pratense,,Red Clover,Present,,Occasional,Non-native,,Approved
ACAD,Vascular Plant,Fabales,Fabaceae,126576,Trifolium repens,,White Clover,Present,,Occasional,Non-native,,Approved
ACAD,Vascular Plant,Fabales,Fabaceae,127385,Vicia cracca,,"Cow Vetch, Tufted Vetch",Present,,Common,Non-native,,Approved
ACAD,Vascular Plant,Fabales,Fabaceae,128191,Vicia hirsuta,,Vetch,Unconfirmed,,,Non-native,,Approved
ACAD,Vascular Plant,Fabales,Fabaceae,128204,Vicia sativa,,Narrow-leaved Vetch,Unconfirmed,,,Non-native,,Approved
ACAD,Vascular Plant,Fabales,Fabaceae,204553,Vicia sativa ssp. nigra,,Spring Vetch,Present,,Uncommon,Non-native,,Approved
ACAD,Vascular Plant,Fabales,Fabaceae,128208,Vicia tetrasperma,,Slender Vetch,Present,,Uncommon,Non-native,,Approved
ACAD,Vascular Plant,Fabales,Fabaceae,128210,Vicia villosa,,Hairy Vetch,Unconfirmed,,,Non-native,,Approved
ACAD,Vascular Plant,Fabales,Polygalaceae,131493,Polygala paucifolia,,"Fringed Polygala, Gaywings",Present,,Rare,Native,,Approved
ACAD,Vascular Plant,Fabales,Polygalaceae,131502,Polygala sanguinea,,Purple Milkwort,Present,,Uncommon,Native,,Approved
ACAD,Vascular Plant,Fabales,Polygalaceae,131509,Polygala verticillata,,Whorled Milkwort,Unconfirmed,,,Native,,Approved
ACAD,Vascular Plant,Fagales,Betulaceae,92014,Alnus incana ssp. rugosa,,Speckled Alder,Present,,Common,Native,,Approved
ACAD,Vascular Plant,Fagales,Betulaceae,92021,Alnus viridis ssp. crispa,,"Green Alder, Mountain Alder",Present,,Common,Native,,Approved
ACAD,Vascular Plant,Fagales,Betulaceae,102817,Betula alleghaniensis,,Yellow Birch,Present,,Common,Native,,Approved
ACAD,Vascular Plant,Fagales,Betulaceae,100476,Betula cordifolia,,Heart-leaved Birch,Present,,Occasional,Native,,Approved
ACAD,Vascular Plant,Fagales,Betulaceae,103573,Betula papyrifera,,White Birch,Present,,Common,Native,,Approved
ACAD,Vascular Plant,Fagales,Betulaceae,104731,Betula populifolia,,Gray Birch,Present,,Common,Native,,Approved
ACAD,Vascular Plant,Fagales,Betulaceae,103507,Betula X caerulea,,Blue Birch,Present,,Occasional,Native,,Approved
ACAD,Vascular Plant,Fagales,Betulaceae,105643,Corylus cornuta,,Beaked Hazelnut,Present,,Common,Native,,Approved
ACAD,Vascular Plant,Fagales,Betulaceae,105688,Ostrya virginiana,,Hop Hornbeam,Present,,Occasional,Native,,Approved
ACAD,Vascular Plant,Fagales,Fagaceae,101944,Fagus grandifolia,,American Beech,Present,,Common,Native,,Approved
ACAD,Vascular Plant,Fagales,Fagaceae,104305,Quercus ilicifolia,,Scrub Oak,Present,,Uncommon,Native,,Approved
ACAD,Vascular Plant,Fagales,Fagaceae,97632,Quercus rubra,,Northern Red Oak,Present,,Common,Native,,Approved
ACAD,Vascular Plant,Fagales,Myricaceae,155915,Comptonia peregrina,,Sweetfern,Present,,Common,Native,,Approved
ACAD,Vascular Plant,Fagales,Myricaceae,96351,Myrica gale,,Sweet Gale,Present,,Common,Native,,Approved
ACAD,Vascular Plant,Fagales,Myricaceae,96184,Myrica pensylvanica,,Bayberry,Present,,Common,Native,,Approved
ACAD,Vascular Plant,Gentianales,Apocynaceae,130899,Apocynum androsaemifolium,,Spreading Dogbane,Present,,Occasional,Native,,Approved
ACAD,Vascular Plant,Gentianales,Apocynaceae,130900,Apocynum cannabinum,,Indian Hemp,Unconfirmed,,,Native,,Approved
ACAD,Vascular Plant,Gentianales,Apocynaceae,222216,Asclepias incarnata var. pulchra,,Swamp Milkweed,Unconfirmed,,,Native,,Approved
ACAD,Vascular Plant,Gentianales,Apocynaceae,131871,Asclepias syriaca,,Common Milkweed,Present,,Uncommon,Non-native,,Approved
ACAD,Vascular Plant,Gentianales,Gentianaceae,129016,Bartonia paniculata ssp. iodandra,,Screw-stem,Present,,Uncommon,Native,,Approved
ACAD,Vascular Plant,Gentianales,Gentianaceae,129019,Bartonia virginica,,Yellow Bartonia,Present,,Uncommon,Native,,Approved
ACAD,Vascular Plant,Gentianales,Gentianaceae,128180,Lomatogonium rotatum,,Marsh Felwort,Present,,Rare,Native,,Approved
ACAD,Vascular Plant,Gentianales,Rubiaceae,137970,Cephalanthus occidentalis,,Buttonbush,Present,,Uncommon,Native,,Approved
ACAD,Vascular Plant,Gentianales,Rubiaceae,137982,Galium aparine,,Cleavers,Present,,Occasional,Native,,Approved
ACAD,Vascular Plant,Gentianales,Rubiaceae,137983,Galium asprellum,,Rough Bedstraw,Present,,Occasional,Native,,Approved
ACAD,Vascular Plant,Gentianales,Rubiaceae,138741,Galium labradoricum,,Bog Bedstraw,Not In Park,Historical,,Native,,Approved
ACAD,Vascular Plant,Gentianales,Rubiaceae,138752,Galium mollugo,,Wild Madder,Present,,Common,Non-native,,Approved
ACAD,Vascular Plant,Gentianales,Rubiaceae,138766,Galium palustre,,Marsh Bedstraw,Present,,Occasional,Native,,Approved
ACAD,Vascular Plant,Gentianales,Rubiaceae,137990,Galium tinctorium,,bedstraw,Present,,Uncommon,Native,,Approved
ACAD,Vascular Plant,Gentianales,Rubiaceae,137993,Galium trifidum,,bedstraw,Present,,Uncommon,Native,,Approved
ACAD,Vascular Plant,Gentianales,Rubiaceae,138799,Galium triflorum,,Sweet-scented Bedstraw,Not In Park,Historical,,Native,,Approved
ACAD,Vascular Plant,Gentianales,Rubiaceae,138802,Galium verum,,Yellow Bedstraw,Present,,Occasional,Non-native,,Approved
ACAD,Vascular Plant,Gentianales,Rubiaceae,139713,Houstonia caerulea,,"Bluets, Quaker Ladies",Present,,Common,Native,,Approved
ACAD,Vascular Plant,Gentianales,Rubiaceae,139741,Mitchella repens,,Partridgeberry,Present,,Occasional,Native,,Approved
ACAD,Vascular Plant,Geraniales,Geraniaceae,130097,Geranium bicknellii,,Bicknell's Cranesbill,Not In Park,Historical,,Native,,Approved
ACAD,Vascular Plant,Geraniales,Geraniaceae,130071,Geranium carolinianum,,Carolina Cranesbill,Unconfirmed,,,Native,,Approved
ACAD,Vascular Plant,Geraniales,Geraniaceae,130077,Geranium molle,,Dove's-foot Cranesbill,Unconfirmed,,,Non-native,,Approved
ACAD,Vascular Plant,Geraniales,Geraniaceae,130086,Geranium robertianum,,Herb Robert,Present,,Occasional,Non-native,,Approved
ACAD,Vascular Plant,Isoetales,Isoetaceae,157349,Isoetes acadiensis,,Acadian Quillwort,Present,,Rare,Native,,Approved
ACAD,Vascular Plant,Isoetales,Isoetaceae,77887,Isoetes echinospora,,Spiny-spored Quillwort,Present,,Occasional,Native,,Approved
ACAD,Vascular Plant,Isoetales,Isoetaceae,77965,Isoetes lacustris,,quillwort,Present,,Occasional,Native,,Approved
ACAD,Vascular Plant,Isoetales,Isoetaceae,157357,Isoetes prototypus,,Prototype Quillwort,Present,,Rare,Native,,Approved
ACAD,Vascular Plant,Isoetales,Isoetaceae,78735,Isoetes riparia,,Riverbank Quillwort,Not In Park,False Report,,Native,,Approved
ACAD,Vascular Plant,Isoetales,Isoetaceae,78757,Isoetes tuckermanii,,Tuckerman's Quillwort,Present,,Occasional,Native,,Approved
ACAD,Vascular Plant,Isoetales,Isoetaceae,165851,Isoetes X harveyi,,Harvey's quillwort,Present,,Occasional,Native,,Approved
ACAD,Vascular Plant,Lamiales,Lamiaceae,135607,Galeopsis bifida,,Splitlip Hemp Nettle,Present,,Uncommon,Non-native,,Approved
ACAD,Vascular Plant,Lamiales,Lamiaceae,135610,Galeopsis tetrahit,,Hemp Nettle,Present,,Occasional,Non-native,,Approved
ACAD,Vascular Plant,Lamiales,Lamiaceae,158097,Glechoma hederacea,,"Gill-over-the-ground, Ground Ivy",Unconfirmed,,,Non-native,,Approved
ACAD,Vascular Plant,Lamiales,Lamiaceae,135635,Hedeoma pulegioides,,American Pennyroyal,Unconfirmed,,,Native,,Approved
ACAD,Vascular Plant,Lamiales,Lamiaceae,136466,Leonurus cardiaca,,Motherwort,Not In Park,Historical,,Non-native,,Approved
ACAD,Vascular Plant,Lamiales,Lamiaceae,134013,Lycopus americanus,,Water Horehound,Present,,Occasional,Native,,Approved
ACAD,Vascular Plant,Lamiales,Lamiaceae,134016,Lycopus uniflorus,,Northern Bugleweed,Present,,Occasional,Native,,Approved
ACAD,Vascular Plant,Lamiales,Lamiaceae,134014,Lycopus virginicus,,Virginia Bulgleweed,Not In Park,Historical,,Native,,Approved
ACAD,Vascular Plant,Lamiales,Lamiaceae,289323,Mentha arvensis,,Wild Mint,Present,,Occasional,Native,,Approved
ACAD,Vascular Plant,Lamiales,Lamiaceae,159639,Mentha canadensis,,Canada Mint,Unconfirmed,,,Native,,Approved
ACAD,Vascular Plant,Lamiales,Lamiaceae,134033,Mentha spicata,,Spearmint,Unconfirmed,,,Non-native,,Approved
ACAD,Vascular Plant,Lamiales,Lamiaceae,134036,Mentha X piperita,,Peppermint,Not In Park,Historical,,Non-native,,Approved
ACAD,Vascular Plant,Lamiales,Lamiaceae,159647,Mentha X villosa,,Wild Mint,Unconfirmed,,,Non-native,,Approved
ACAD,Vascular Plant,Lamiales,Lamiaceae,136550,Nepeta cataria,,Catnip,Not In Park,Historical,,Non-native,,Approved
ACAD,Vascular Plant,Lamiales,Lamiaceae,134944,Prunella vulgaris,,Selfheal,Unconfirmed,,,Non-native,,Approved
ACAD,Vascular Plant,Lamiales,Lamiaceae,134947,Prunella vulgaris ssp. lanceolata,,Selfheal,Present,,Occasional,Non-native,,Approved
ACAD,Vascular Plant,Lamiales,Lamiaceae,134863,Satureja hortensis,,Summer Savory,Unconfirmed,,,Non-native,,Approved
ACAD,Vascular Plant,Lamiales,Lamiaceae,129266,Scutellaria galericulata,,Marsh Skullcap,Present,,Occasional,Native,,Approved
ACAD,Vascular Plant,Lamiales,Lamiaceae,128695,Scutellaria lateriflora,,Mad-dog Skullcap,Present,,Occasional,Native,,Approved
ACAD,Vascular Plant,Lamiales,Lamiaceae,134883,Stachys arvensis,,Hedge Nettle,Unconfirmed,,,Non-native,,Approved
ACAD,Vascular Plant,Lamiales,Lamiaceae,134904,Stachys palustris ssp. palustris,,"Woundwort, Marsh hedgnettle",Present,,Uncommon,Native,,Approved
ACAD,Vascular Plant,Lamiales,Lamiaceae,134912,Teucrium canadense,,American Germander,Present,,Uncommon,Native,,Approved
ACAD,Vascular Plant,Lamiales,Lamiaceae,219304,Teucrium canadense var. occidentale,,Germander,Unconfirmed,,,Native,,Approved
ACAD,Vascular Plant,Lamiales,Lamiaceae,161345,Thymus pulegioides,,Wild Thyme,Present,,Uncommon,Non-native,,Approved
ACAD,Vascular Plant,Lamiales,Lentibulariaceae,135328,Utricularia cornuta,,Horned Bladderwort,Present,,Occasional,Native,,Approved
ACAD,Vascular Plant,Lamiales,Lentibulariaceae,135333,Utricularia geminiscapa,,bladderwort,Present,,Occasional,Native,,Approved
ACAD,Vascular Plant,Lamiales,Lentibulariaceae,135334,Utricularia gibba,,Humped Bladderwort,Present,,Uncommon,Native,,Approved
ACAD,Vascular Plant,Lamiales,Lentibulariaceae,135336,Utricularia intermedia,,Flat-leaved Bladderwort,Present,,Occasional,Native,,Approved
ACAD,Vascular Plant,Lamiales,Lentibulariaceae,135338,Utricularia macrorhiza,,Common Bladderwort,Present,,Occasional,Native,,Approved
ACAD,Vascular Plant,Lamiales,Lentibulariaceae,135339,Utricularia minor,,Lesser Bladderwort,Present,,Uncommon,Native,,Approved
ACAD,Vascular Plant,Lamiales,Lentibulariaceae,135344,Utricularia purpurea,,Purple Bladderwort,Present,,Occasional,Native,,Approved
ACAD,Vascular Plant,Lamiales,Lentibulariaceae,135345,Utricularia radiata,,Inflated Bladderwort,Present,,Occasional,Native,,Approved
ACAD,Vascular Plant,Lamiales,Lentibulariaceae,135346,Utricularia resupinata,,Small Purple Bladderwort,Not In Park,Historical,,Native,,Approved
ACAD,Vascular Plant,Lamiales,Linderniaceae,135670,Lindernia dubia,,False Pimpernel,Unconfirmed,,,Native,,Approved
ACAD,Vascular Plant,Lamiales,Oleaceae,129715,Forsythia,,Forsythia,Present,,Unknown,Non-native,Cultivated,In Review
ACAD,Vascular Plant,Lamiales,Oleaceae,129682,Fraxinus americana,,White Ash,Present,,Occasional,Native,,Approved
ACAD,Vascular Plant,Lamiales,Oleaceae,129697,Fraxinus nigra,,Black Ash,Present,,Rare,Native,,Approved
ACAD,Vascular Plant,Lamiales,Oleaceae,129679,Fraxinus pennsylvanica,,Green Ash,Present,,Uncommon,Native,,Approved
ACAD,Vascular Plant,Lamiales,Oleaceae,129729,Ligustrum amurense,,Amur Privet,Present,,Unknown,Non-native,Cultivated,Approved
ACAD,Vascular Plant,Lamiales,Oleaceae,129736,Ligustrum vulgare,,Common Privet,Present,,Unknown,Non-native,Cultivated,Approved
ACAD,Vascular Plant,Lamiales,Oleaceae,129753,Syringa vulgaris,,Common Lilac,Present,,Uncommon,Non-native,,Approved
ACAD,Vascular Plant,Lamiales,Oleaceae,160267,Syringa X chinensis,,Lilac,Present,,Rare,Non-native,,Approved
ACAD,Vascular Plant,Lamiales,Orobanchaceae,134472,Epifagus virginiana,,Beechdrops,Present,,Occasional,Native,,Approved
ACAD,Vascular Plant,Lamiales,Orobanchaceae,138349,Euphrasia nemorosa,,Eyebright,Present,,Occasional,Non-native,,Approved
ACAD,Vascular Plant,Lamiales,Orobanchaceae,138352,Euphrasia randii,,Rand's Eyebright,Unconfirmed,,,Native,,Approved
ACAD,Vascular Plant,Lamiales,Orobanchaceae,158974,Euphrasia stricta,,Eyebright,Unconfirmed,,,Native,,Approved
ACAD,Vascular Plant,Lamiales,Orobanchaceae,138414,Melampyrum lineare,,Cowwheat,Present,,Occasional,Native,,Approved
ACAD,Vascular Plant,Lamiales,Orobanchaceae,202363,Odontites vernus ssp. serotinus,,Red Bartsia,Unconfirmed,,,Native,,Approved
ACAD,Vascular Plant,Lamiales,Orobanchaceae,134500,Orobanche uniflora,,One-flowered Cancerroot,Unconfirmed,,,Native,,Approved
ACAD,Vascular Plant,Lamiales,Orobanchaceae,136628,Pedicularis canadensis,,Wood Betony,Present,,Rare,Native,,Approved
ACAD,Vascular Plant,Lamiales,Orobanchaceae,161895,Rhinanthus minor,,Yellow Rattle,Present,,Occasional,Native,,Approved
ACAD,Vascular Plant,Lamiales,Plantaginaceae,132989,Callitriche heterophylla,,Water starwort,Present,,Rare,Native,,Approved
ACAD,Vascular Plant,Lamiales,Plantaginaceae,155598,Callitriche palustris,,"Water Chickweed, Water starwort, Water-Starwort",Present,,Occasional,Native,,Approved
ACAD,Vascular Plant,Lamiales,Plantaginaceae,135091,Chelone glabra,,Turtlehead,Present,,Uncommon,Native,,Approved
ACAD,Vascular Plant,Lamiales,Plantaginaceae,135093,Chelone lyonii,,Purple turtlehead,Present,,Rare,Non-native,,Approved
ACAD,Vascular Plant,Lamiales,Plantaginaceae,138340,Digitalis purpurea,,Foxglove,Present,,Uncommon,Non-native,,Approved
ACAD,Vascular Plant,Lamiales,Plantaginaceae,125204,Hippuris vulgaris,,Mare's Tail,Not In Park,Historical,,Native,,Approved
ACAD,Vascular Plant,Lamiales,Plantaginaceae,161635,Linaria dalmatica,,Dalmation toadflax,Not In Park,Historical,,Native,,Approved
ACAD,Vascular Plant,Lamiales,Plantaginaceae,161637,Linaria maroccana,,Maraccan toadlflax,Present,,Unknown,Native,,Approved
ACAD,Vascular Plant,Lamiales,Plantaginaceae,135662,Linaria repens,,Striped toadflax,Not In Park,Historical,,Native,,Approved
ACAD,Vascular Plant,Lamiales,Plantaginaceae,135664,Linaria vulgaris,,Butter-and-eggs,Present,,Occasional,Non-native,,Approved
ACAD,Vascular Plant,Lamiales,Plantaginaceae,162457,Nuttallanthus canadensis,,Blue toadflax,Present,,Occasional,Native,,Approved
ACAD,Vascular Plant,Lamiales,Plantaginaceae,131643,Penstemon digitalis,,White or Foxglove Beardtongue,Unconfirmed,,,Native,,Approved
ACAD,Vascular Plant,Lamiales,Plantaginaceae,129352,Plantago aristata,,Bracted Plantain,Unconfirmed,,,Non-native,,Approved
ACAD,Vascular Plant,Lamiales,Plantaginaceae,129351,Plantago lanceolata,,English Plantain,Not In Park,Historical,,Non-native,,Approved
ACAD,Vascular Plant,Lamiales,Plantaginaceae,129365,Plantago major,,Common Plantain,Present,,Occasional,Non-native,,Approved
ACAD,Vascular Plant,Lamiales,Plantaginaceae,214515,Plantago major var. intermedia,,Common Plantain,Present,,Uncommon,Non-native,,Approved
ACAD,Vascular Plant,Lamiales,Plantaginaceae,214521,Plantago major var. pilgeri,,Common Plantain,Present,,Uncommon,Non-native,,Approved
ACAD,Vascular Plant,Lamiales,Plantaginaceae,214526,Plantago maritima var. juncoides,,Seaside Plantain,Present,,Occasional,Native,,Approved
ACAD,Vascular Plant,Lamiales,Plantaginaceae,136683,Veronica arvensis,,Corn Speedwell,Unconfirmed,,,Non-native,,Approved
ACAD,Vascular Plant,Lamiales,Plantaginaceae,136686,Veronica chamaedrys,,Bird's Eye Speedwell,Present,,Occasional,Non-native,,Approved
ACAD,Vascular Plant,Lamiales,Plantaginaceae,136675,Veronica longifolia,,Long-leaved Speedwell,Unconfirmed,,,Non-native,,Approved
ACAD,Vascular Plant,Lamiales,Plantaginaceae,136667,Veronica officinalis,,Common Speedwell,Present,,Common,Non-native,,Approved
ACAD,Vascular Plant,Lamiales,Plantaginaceae,136694,Veronica peregrina,,Purslane Speedwell or Neckweed,Not In Park,Historical,,Native,,Approved
ACAD,Vascular Plant,Lamiales,Plantaginaceae,204527,Veronica peregrina ssp. xalapensis,,Purslane Speedwell or Neckweed,Unconfirmed,,,Native,,Approved
ACAD,Vascular Plant,Lamiales,Plantaginaceae,136676,Veronica persica,,"Bird's Eye, Persian Speedwell",Present,,Rare,Non-native,,Approved
ACAD,Vascular Plant,Lamiales,Plantaginaceae,136695,Veronica scutellata,,Marsh Speedwell,Present,,Uncommon,Native,,Approved
ACAD,Vascular Plant,Lamiales,Plantaginaceae,136696,Veronica serpyllifolia,,Thyme-leaved Speedwell,Present,,Occasional,Non-native,,Approved
ACAD,Vascular Plant,Lamiales,Plantaginaceae,133320,Veronicastrum virginicum,,Culver's Root,Present,,Rare,Non-native,,Approved
ACAD,Vascular Plant,Lamiales,Scrophulariaceae,133279,Scrophularia lanceolata,,Hare Figwort,Present,,Uncommon,Native,,Approved
ACAD,Vascular Plant,Lamiales,Scrophulariaceae,136657,Verbascum blattaria,,Moth Mullein,Present,,Uncommon,Non-native,,Approved
ACAD,Vascular Plant,Lamiales,Scrophulariaceae,136660,Verbascum phlomoides,,mullein,Not In Park,Historical,,Non-native,,Approved
ACAD,Vascular Plant,Lamiales,Scrophulariaceae,136663,Verbascum thapsus,,Common Mullein,Present,,Occasional,Non-native,,Approved
ACAD,Vascular Plant,Lamiales,Verbenaceae,133009,Verbena hastata,,Blue Vervain,Present,,Uncommon,Native,,Approved
ACAD,Vascular Plant,Liliales,Colchicaceae,142834,Uvularia sessilifolia,,Wild Oats,Present,,Uncommon,Native,,Approved
ACAD,Vascular Plant,Liliales,Liliaceae,141649,Clintonia borealis,,Bluebead Lily,Present,,Occasional,Native,,Approved
ACAD,Vascular Plant,Liliales,Liliaceae,110260,Erythronium americanum,,"Trout Lily, Dogtooth Violet",Unconfirmed,,,Native,,Approved
ACAD,Vascular Plant,Liliales,Liliaceae,150350,Lilium canadense,,Canada Lily,Unconfirmed,,,Native,,Approved
ACAD,Vascular Plant,Liliales,Liliaceae,161595,Lilium lancifolium,,Tiger Lily,Unconfirmed,,,Non-native,,Approved
ACAD,Vascular Plant,Liliales,Liliaceae,161603,Lilium philadelphicum,,Wood Lily,Present,,Uncommon,Native,,Approved
ACAD,Vascular Plant,Liliales,Liliaceae,141715,Medeola virginiana,,Indian Cucumber-root,Present,,Uncommon,Native,,Approved
ACAD,Vascular Plant,Liliales,Liliaceae,142758,Streptopus amplexifolius,,"White Mandarin, Twisted Stalk",Present,,Uncommon,Native,,Approved
ACAD,Vascular Plant,Liliales,Liliaceae,167873,Streptopus lanceolatus,,"Rose Mandarin, Twisted Stalk",Present,,Uncommon,Native,,Approved
ACAD,Vascular Plant,Liliales,Melanthiaceae,142781,Trillium cernuum,,Nodding Trillium,Present,,Rare,Native,,Approved
ACAD,Vascular Plant,Liliales,Melanthiaceae,142811,Trillium undulatum,,Painted Trillium,Present,,Uncommon,Native,,Approved
ACAD,Vascular Plant,Liliales,Melanthiaceae,139897,Veratrum viride,,"False Hellebore, Indian Poke",Unconfirmed,,,Native,,Approved
ACAD,Vascular Plant,Lycopodiales,Lycopodiaceae,175859,Diphasiastrum complanatum,,Crowfoot Clubmoss,Unconfirmed,,,Native,,Approved
ACAD,Vascular Plant,Lycopodiales,Lycopodiaceae,175861,Diphasiastrum digitatum,,Crowfoot Clubmoss,Unconfirmed,,,Native,,Approved
ACAD,Vascular Plant,Lycopodiales,Lycopodiaceae,175868,Diphasiastrum tristachyum,,Groundcedar,Present,,Uncommon,Native,,Approved
ACAD,Vascular Plant,Lycopodiales,Lycopodiaceae,169610,Huperzia appalachiana,,Alpine Clubmoss,Not In Park,False Report,,Native,,Approved
ACAD,Vascular Plant,Lycopodiales,Lycopodiaceae,162004,Huperzia lucidula,,Shining Clubmoss,Not In Park,Historical,,Native,,Approved
ACAD,Vascular Plant,Lycopodiales,Lycopodiaceae,107303,Huperzia selago,,Northern Firmoss,Not In Park,False Report,,Native,,Approved
ACAD,Vascular Plant,Lycopodiales,Lycopodiaceae,157680,Lycopodiella appressa,,Bog Clubmoss,Not In Park,False Report,,Native,,Approved
ACAD,Vascular Plant,Lycopodiales,Lycopodiaceae,157690,Lycopodiella inundata,,Bog Clubmoss,Present,,Uncommon,Native,,Approved
ACAD,Vascular Plant,Lycopodiales,Lycopodiaceae,80036,Lycopodium annotinum,,Bristly Clubmoss,Present,,Uncommon,Native,,Approved
ACAD,Vascular Plant,Lycopodiales,Lycopodiaceae,80103,Lycopodium clavatum,,Bristly Clubmoss,Present,,Occasional,Native,,Approved
ACAD,Vascular Plant,Lycopodiales,Lycopodiaceae,81208,Lycopodium dendroideum,,Round-branch Groundpine,Present,,Occasional,Native,,Approved
ACAD,Vascular Plant,Lycopodiales,Lycopodiaceae,169612,Lycopodium lagopus,,Running Clubmoss,Present,,Uncommon,Native,,Approved
ACAD,Vascular Plant,Lycopodiales,Lycopodiaceae,230313,Lycopodium lucidulum var. occidentale,,Shining Clubmoss,Unconfirmed,,,Native,,Approved
ACAD,Vascular Plant,Lycopodiales,Lycopodiaceae,81264,Lycopodium obscurum,,Flat-branch Groundpine,Present,,Occasional,Native,,Approved
ACAD,Vascular Plant,Malpighiales,Elatinaceae,121614,Elatine americana,,Waterwort,Unconfirmed,,,Native,,Approved
ACAD,Vascular Plant,Malpighiales,Elatinaceae,121621,Elatine minima,,Waterwort,Present,,Occasional,Native,,Approved
ACAD,Vascular Plant,Malpighiales,Euphorbiaceae,285623,Chamaesyce maculata,,"Eyebane, Upright Spotted Spurge",Present,,Unknown,Native,,Approved
ACAD,Vascular Plant,Malpighiales,Euphorbiaceae,132040,Euphorbia cyparissias,,Cypress Spurge,Present,,Occasional,Non-native,,Approved
ACAD,Vascular Plant,Malpighiales,Euphorbiaceae,132904,Euphorbia peplus,,Petty Spurge,Present,,Unknown,Non-native,Cultivated,Approved
ACAD,Vascular Plant,Malpighiales,Hypericaceae,121638,Hypericum boreale,,St. Johnswort,Present,,Occasional,Native,,Approved
ACAD,Vascular Plant,Malpighiales,Hypericaceae,121627,Hypericum canadense,,Canada St. Johnswort,Present,,Occasional,Native,,Approved
ACAD,Vascular Plant,Malpighiales,Hypericaceae,122185,Hypericum ellipticum,,Pale St. Johnswort,Present,,Occasional,Native,,Approved
ACAD,Vascular Plant,Malpighiales,Hypericaceae,121631,Hypericum gentianoides,,"Orange Grass, Pineweed",Present,,Common,Native,,Approved
ACAD,Vascular Plant,Malpighiales,Hypericaceae,122195,Hypericum majus,,Larger Canada St. Johnswort,Not In Park,Historical,,Native,,Approved
ACAD,Vascular Plant,Malpighiales,Hypericaceae,121632,Hypericum mutilum,,Dwarf St. Johnswort,Present,,Occasional,Native,,Approved
ACAD,Vascular Plant,Malpighiales,Hypericaceae,122204,Hypericum perforatum,,Common St. Johnswort,Present,,Common,Non-native,,Approved
ACAD,Vascular Plant,Malpighiales,Hypericaceae,122205,Hypericum prolificum,,Shrubby St. Johnswort,Present,,Uncommon,Non-native,,Approved
ACAD,Vascular Plant,Malpighiales,Hypericaceae,121633,Hypericum punctatum,,Spotted St. Johnswort,Present,,Occasional,Native,,Approved
ACAD,Vascular Plant,Malpighiales,Hypericaceae,122225,Triadenum fraseri,,Marsh St. Johnswort,Present,,Occasional,Native,,Approved
ACAD,Vascular Plant,Malpighiales,Hypericaceae,122227,Triadenum virginicum,,Marsh St. Johnswort,Present,,Occasional,Native,,Approved
ACAD,Vascular Plant,Malpighiales,Linaceae,130183,Linum catharticum,,Fairy Flax,Present,,Uncommon,Non-native,,Approved
ACAD,Vascular Plant,Malpighiales,Linaceae,131404,Linum usitatissimum,,Common Flax,Unconfirmed,,,Non-native,,Approved
ACAD,Vascular Plant,Malpighiales,Linaceae,131429,Radiola linoides,,Thousand seed,Present,,Uncommon,Non-native,,Approved
ACAD,Vascular Plant,Malpighiales,Salicaceae,119648,Populus alba,,White Poplar,Present,,Occasional,Non-native,,Approved
ACAD,Vascular Plant,Malpighiales,Salicaceae,119650,Populus balsamifera,,Balsam Poplar,Present,,Uncommon,Native,,Approved
ACAD,Vascular Plant,Malpighiales,Salicaceae,119661,Populus grandidentata,,"Large-toothed Aspen, Popple",Present,,Common,Native,,Approved
ACAD,Vascular Plant,Malpighiales,Salicaceae,105864,Populus tremuloides,,Quaking Aspen,Present,,Common,Native,,Approved
ACAD,Vascular Plant,Malpighiales,Salicaceae,105854,Populus X gileadensis,,Balm-of-Gilead,Unconfirmed,,,Non-native,,Approved
ACAD,Vascular Plant,Malpighiales,Salicaceae,216495,Salix alba var. vitellina,,White Willow,Unconfirmed,,,Non-native,,Approved
ACAD,Vascular Plant,Malpighiales,Salicaceae,119710,Salix bebbiana,,Long-beaked Willow,Present,,Common,Native,,Approved
ACAD,Vascular Plant,Malpighiales,Salicaceae,119729,Salix discolor,,Large Pussy Willow,Present,,Common,Native,,Approved
ACAD,Vascular Plant,Malpighiales,Salicaceae,119733,Salix eriocephala,,willow,Present,,Uncommon,Native,,Approved
ACAD,Vascular Plant,Malpighiales,Salicaceae,119741,Salix fragilis,,Crack Willow,Present,,Uncommon,Non-native,,Approved
ACAD,Vascular Plant,Malpighiales,Salicaceae,119753,Salix humilis,,Gray Willow,Present,,Uncommon,Native,,Approved
ACAD,Vascular Plant,Malpighiales,Salicaceae,216499,Salix humilis var. tristis,,"Dwarf Gray Willow, Small Pussy Willow",Unconfirmed,,,Native,,Approved
ACAD,Vascular Plant,Malpighiales,Salicaceae,119762,Salix lucida,,Shining Willow,Not In Park,Historical,,Native,,Approved
ACAD,Vascular Plant,Malpighiales,Salicaceae,120443,Salix pentandra,,Bay-leved willow,Present,,Unknown,Native,,Approved
ACAD,Vascular Plant,Malpighiales,Salicaceae,120444,Salix petiolaris,,Basket Maker's Willow,Present,,Occasional,Native,,Approved
ACAD,Vascular Plant,Malpighiales,Salicaceae,120452,Salix purpurea,,"Basket Willow, Purple Osier",Unconfirmed,,,Non-native,,Approved
ACAD,Vascular Plant,Malpighiales,Salicaceae,120453,Salix pyrifolia,,Balsam Willow,Present,,Uncommon,Native,,Approved
ACAD,Vascular Plant,Malpighiales,Salicaceae,119697,Salix sericea,,willow,Present,,Occasional,Native,,Approved
ACAD,Vascular Plant,Malpighiales,Salicaceae,120474,Salix viminalis,,Silky osier,Unconfirmed,,,Native,,Approved
ACAD,Vascular Plant,Malpighiales,Salicaceae,120457,Salix X rubens,,willow,Not In Park,Historical,,Non-native,,Approved
ACAD,Vascular Plant,Malpighiales,Violaceae,125915,Viola adunca,,Sand or Hooked Violet,Present,,Rare,Native,,Approved
ACAD,Vascular Plant,Malpighiales,Violaceae,126871,Viola blanda,,Sweet White Violet,Unconfirmed,,,Native,,Approved
ACAD,Vascular Plant,Malpighiales,Violaceae,214191,Viola blanda var. palustriformis,,Large-leaved White Violet,Present,,Rare,Native,,Approved
ACAD,Vascular Plant,Malpighiales,Violaceae,164557,Viola cucullata,,Marsh Blue Violet,Present,,Occasional,Native,,Approved
ACAD,Vascular Plant,Malpighiales,Violaceae,126918,Viola labradorica,,Dog Violet,Not In Park,False Report,,Native,,Approved
ACAD,Vascular Plant,Malpighiales,Violaceae,126919,Viola lanceolata,,Lance-leaved Violet,Present,,Occasional,Native,,Approved
ACAD,Vascular Plant,Malpighiales,Violaceae,204577,Viola macloskeyi ssp. pallens,,Northern White Violet,Present,,Occasional,Native,,Approved
ACAD,Vascular Plant,Malpighiales,Violaceae,161247,Viola primulifolia,,Primrose-leaved Violet,Present,,Rare,Native,,Approved
ACAD,Vascular Plant,Malpighiales,Violaceae,116105,Viola renifolia,,Kidney-leaved Violet,Unconfirmed,,,Native,,Approved
ACAD,Vascular Plant,Malpighiales,Violaceae,240352,Viola sagittata var. ovata,,Ovate-leaved Violet,Present,,Uncommon,Native,,Approved
ACAD,Vascular Plant,Malpighiales,Violaceae,116119,Viola sororia,,Northern Blue Violet,Present,,Occasional,Native,,Approved
ACAD,Vascular Plant,Malpighiales,Violaceae,116126,Viola tricolor,,Pansy,Unconfirmed,,,Non-native,,Approved
ACAD,Vascular Plant,Malvales,Cistaceae,117442,Hudsonia ericoides,,Golden Heather,Present,,Occasional,Native,,Approved
ACAD,Vascular Plant,Malvales,Cistaceae,117441,Hudsonia tomentosa,,"False Heather, Beach Heath",Unconfirmed,,,Native,,Approved
ACAD,Vascular Plant,Malvales,Cistaceae,117454,Lechea intermedia,,Pinweed,Present,,Occasional,Native,,Approved
ACAD,Vascular Plant,Malvales,Cistaceae,214975,Lechea intermedia var. juniperina,,Pinweed,Unconfirmed,,,Native,,Approved
ACAD,Vascular Plant,Malvales,Malvaceae,124891,Malva alcea,,Vervain Mallow,Unconfirmed,,,Non-native,,Approved
ACAD,Vascular Plant,Malvales,Malvaceae,124893,Malva moschata,,Musk Mallow,Not In Park,Historical,,Non-native,,Approved
ACAD,Vascular Plant,Malvales,Malvaceae,124894,Malva neglecta,,"Common Mallow, Cheeses",Unconfirmed,,,Non-native,,Approved
ACAD,Vascular Plant,Malvales,Malvaceae,167329,Malva rotundifolia,,Round-leaved Mallow,Present,,Unknown,Non-native,Cultivated,Approved
ACAD,Vascular Plant,Malvales,Malvaceae,124900,Malva verticillata,,Whorled Mallow,Present,,Unknown,Non-native,Cultivated,Approved
ACAD,Vascular Plant,Malvales,Malvaceae,161359,Tilia cordata,,Littleleaf Linden,Present,,Uncommon,Non-native,,Approved
ACAD,Vascular Plant,Malvales,Malvaceae,122301,Tilia platyphyllos,,Large-leaved Linden,Present,,Uncommon,Non-native,,Approved
ACAD,Vascular Plant,Myrtales,Lythraceae,125212,Decodon verticillatus,,Swamp Loosestrife,Present,,Rare,Native,,Approved
ACAD,Vascular Plant,Myrtales,Lythraceae,125215,Lythrum salicaria,,Purple Loosestrife,Present,,Uncommon,Non-native,,Approved
ACAD,Vascular Plant,Myrtales,Melastomataceae,129489,Rhexia virginica,,"Meadow Beauty, Deergrass",Present,,Uncommon,Native,,Approved
ACAD,Vascular Plant,Myrtales,Onagraceae,128820,Circaea alpina,,Dwarf Enchanter's Nightshade,Present,,Occasional,Native,,Approved
ACAD,Vascular Plant,Myrtales,Onagraceae,128826,Circaea lutetiana ssp. canadensis,,Common Enchanter's-nightshade,Present,,Unknown,Native,,Approved
ACAD,Vascular Plant,Myrtales,Onagraceae,126648,Epilobium angustifolium,,Willow Herb,Present,,Occasional,Native,,Approved
ACAD,Vascular Plant,Myrtales,Onagraceae,126658,Epilobium ciliatum,,Northern Willow Herb,Present,,Occasional,Native,,Approved
ACAD,Vascular Plant,Myrtales,Onagraceae,126660,Epilobium ciliatum ssp. glandulosum,,American Willow-herb,Present,,Occasional,Native,,Approved
ACAD,Vascular Plant,Myrtales,Onagraceae,126663,Epilobium coloratum,,Purple-leaved Willow Herb,Present,,Rare,Native,,Approved
ACAD,Vascular Plant,Myrtales,Onagraceae,126679,Epilobium leptophyllum,,Narrow-leaved Willow Herb,Present,,Uncommon,Native,,Approved
ACAD,Vascular Plant,Myrtales,Onagraceae,126689,Epilobium palustre,,Swamp Willow Herb,Present,,Uncommon,Native,,Approved
ACAD,Vascular Plant,Myrtales,Onagraceae,126695,Epilobium strictum,,Downy Willow Herb,Present,,Uncommon,Native,,Approved
ACAD,Vascular Plant,Myrtales,Onagraceae,126706,Ludwigia palustris,,Water Purslane,Unconfirmed,,,Native,,Approved
ACAD,Vascular Plant,Myrtales,Onagraceae,127804,Oenothera biennis,,Common Evening Primrose,Present,,Occasional,Native,,Approved
ACAD,Vascular Plant,Myrtales,Onagraceae,127805,Oenothera fruticosa,,Southern Sundrops,Present,,Uncommon,Native,,Approved
ACAD,Vascular Plant,Myrtales,Onagraceae,127808,Oenothera laciniata,,Cut-leaved Evening Primrose,Unconfirmed,,,Non-native,,Approved
ACAD,Vascular Plant,Myrtales,Onagraceae,162677,Oenothera parviflora,,Evening Primrose,Present,,Uncommon,Native,,Approved
ACAD,Vascular Plant,Myrtales,Onagraceae,127809,Oenothera perennis,,Small Sundrops,Present,,Occasional,Native,,Approved
ACAD,Vascular Plant,Myrtales,Onagraceae,127847,Oenothera pilosella,,Evening Primrose,Unconfirmed,,,Non-native,,Approved
ACAD,Vascular Plant,Nymphaeales,Cabombaceae,85594,Brasenia schreberi,,Water Shield,Present,,Occasional,Native,,Approved
ACAD,Vascular Plant,Nymphaeales,Nymphaeaceae,86129,Nuphar advena,,Cow-lily,Present,,Unknown,Native,,Approved
ACAD,Vascular Plant,Nymphaeales,Nymphaeaceae,187109,Nuphar variegata,,"Spatterdock, Yellow Pond Lily",Present,,Occasional,Native,,Approved
ACAD,Vascular Plant,Nymphaeales,Nymphaeaceae,212735,Nymphaea odorata ssp. odorata,,Sweet-scented Water Lily,Present,,Occasional,Native,,Approved
ACAD,Vascular Plant,Nymphaeales,Nymphaeaceae,292209,Nymphaea odorata ssp. tuberosa,,Sweet-scented Water Lily,Present,,Rare,Native,,Approved
ACAD,Vascular Plant,Ophioglossales,Ophioglossaceae,81356,Botrychium dissectum,,Lanceleaf Grapefern,Not In Park,Historical,,Native,,Approved
ACAD,Vascular Plant,Ophioglossales,Ophioglossaceae,81456,Botrychium lanceolatum ssp. angustisegmentum,,Triangle Grapefern,Unconfirmed,,,Native,,Approved
ACAD,Vascular Plant,Ophioglossales,Ophioglossaceae,82136,Botrychium lunaria,,Moonwort,Present,,Rare,Native,,Approved
ACAD,Vascular Plant,Ophioglossales,Ophioglossaceae,82169,Botrychium matricariifolium,,Daisyleaf Grapefern,Not In Park,Historical,,Native,,Approved
ACAD,Vascular Plant,Ophioglossales,Ophioglossaceae,82202,Botrychium multifidum,,Leatherleaf Grapefern,Not In Park,Historical,,Native,,Approved
ACAD,Vascular Plant,Ophioglossales,Ophioglossaceae,82236,Botrychium simplex,,Dwarf Grapefern,Not In Park,Historical,,Native,,Approved
ACAD,Vascular Plant,Ophioglossales,Ophioglossaceae,81378,Botrychium virginianum,,Rattlesnake Fern,Present,,Rare,Native,,Approved
ACAD,Vascular Plant,Ophioglossales,Ophioglossaceae,162732,Ophioglossum pusillum,,Adder's Tongue,Unconfirmed,,,Native,,Approved
ACAD,Vascular Plant,Osmundales,Osmundaceae,74520,Osmunda cinnamomea,,Cinnamon Fern,Present,,Common,Native,,Approved
ACAD,Vascular Plant,Osmundales,Osmundaceae,74532,Osmunda claytoniana,,Interrupted Fern,Present,,Common,Native,,Approved
ACAD,Vascular Plant,Osmundales,Osmundaceae,212784,Osmunda regalis var. spectabilis,,Royal Fern,Present,,Occasional,Native,,Approved
ACAD,Vascular Plant,Oxalidales,Oxalidaceae,128451,Oxalis montana,,Common Wood Sorrel,Present,,Occasional,Native,,Approved
ACAD,Vascular Plant,Oxalidales,Oxalidaceae,130059,Oxalis stricta,,Yellow Wood Sorrel,Present,,Occasional,Native,,Approved
ACAD,Vascular Plant,Pinales,Cupressaceae,214018,Juniperus communis var. depressa,,Ground Juniper,Present,,Common,Native,,Approved
ACAD,Vascular Plant,Pinales,Cupressaceae,103525,Juniperus horizontalis,,"Bar Harbor Juniper, Creeping Juniper",Present,,Uncommon,Native,,Approved
ACAD,Vascular Plant,Pinales,Cupressaceae,161323,Thuja occidentalis,,Northern White Cedar,Present,,Common,Native,,Approved
ACAD,Vascular Plant,Pinales,Pinaceae,91711,Abies balsamea,,Balsam Fir,Present,,Common,Native,,Approved
ACAD,Vascular Plant,Pinales,Pinaceae,93970,Larix laricina,,"Larch, Tamarack",Present,,Occasional,Native,,Approved
ACAD,Vascular Plant,Pinales,Pinaceae,93030,Picea abies,,Norway Spruce,Present,,Unknown,Native,,Approved
ACAD,Vascular Plant,Pinales,Pinaceae,93037,Picea glauca,,White Spruce,Present,,Common,Native,,Approved
ACAD,Vascular Plant,Pinales,Pinaceae,93046,Picea mariana,,Black Spruce,Present,,Occasional,Native,,Approved
ACAD,Vascular Plant,Pinales,Pinaceae,91733,Picea rubens,,Red Spruce,Present,,Common,Native,,Approved
ACAD,Vascular Plant,Pinales,Pinaceae,93064,Pinus banksiana,,Jack Pine,Present,,Uncommon,Native,,Approved
ACAD,Vascular Plant,Pinales,Pinaceae,93126,Pinus resinosa,,Red Pine,Present,,Occasional,Native,,Approved
ACAD,Vascular Plant,Pinales,Pinaceae,93127,Pinus rigida,,Pitch Pine,Present,,Occasional,Native,,Approved
ACAD,Vascular Plant,Pinales,Pinaceae,93137,Pinus strobus,,White Pine,Present,,Common,Native,,Approved
ACAD,Vascular Plant,Pinales,Pinaceae,93141,Pinus sylvestris,,Scotch Pine,Present,,Uncommon,Non-native,,Approved
ACAD,Vascular Plant,Pinales,Pinaceae,93952,Tsuga canadensis,,Eastern Hemlock,Present,,Occasional,Native,,Approved
ACAD,Vascular Plant,Pinales,Taxaceae,103568,Taxus canadensis,,American Yew,Present,,Rare,Native,,Approved
ACAD,Vascular Plant,Piperales,Aristolochiaceae,93109,Aristolochia macrophylla,,Dutchman's pipe,Present,,Rare,Non-native,,Approved
ACAD,Vascular Plant,Poales,Cyperaceae,207238,Bolboschoenus maritimus ssp. paludosus,,Bayonet-grass,Present,,Common,Native,,Approved
ACAD,Vascular Plant,Poales,Cyperaceae,144411,Bulbostylis capillaris,,Vagabond,Present,,Common,Native,,Approved
ACAD,Vascular Plant,Poales,Cyperaceae,145358,Carex adusta,,Lesser Brown Sedge,Not In Park,Historical,,Native,,Approved
ACAD,Vascular Plant,Poales,Cyperaceae,285583,Carex albicans,,Emmons' Sedge,Present,,Uncommon,Native,,Approved
ACAD,Vascular Plant,Poales,Cyperaceae,145383,Carex arctata,,Drooping Wood Sedge,Present,,Common,Native,,Approved
ACAD,Vascular Plant,Poales,Cyperaceae,145386,Carex argyrantha,,Hay Sedge,Present,,Uncommon,Native,,Approved
ACAD,Vascular Plant,Poales,Cyperaceae,145327,Carex atlantica,,Atlantic Sedge,Present,,Rare,Native,,Approved
ACAD,Vascular Plant,Poales,Cyperaceae,144427,Carex baileyi,,Bailey's Sedge,Unconfirmed,,,Native,,Approved
ACAD,Vascular Plant,Poales,Cyperaceae,202011,Carex brunnescens ssp. brunnescens,,Brownish Sedge,Unconfirmed,,,Native,,Approved
ACAD,Vascular Plant,Poales,Cyperaceae,202015,Carex brunnescens ssp. sphaerostachya,,Brownish Sedge,Unconfirmed,,,Native,,Approved
ACAD,Vascular Plant,Poales,Cyperaceae,145422,Carex bushii,,Bush's Sedge,Unconfirmed,,,Native,,Approved
ACAD,Vascular Plant,Poales,Cyperaceae,145329,Carex buxbaumii,,Brown Sedge,Present,,Rare,Native,,Approved
ACAD,Vascular Plant,Poales,Cyperaceae,202017,Carex canescens ssp. canescens,,Silvery Sedge,Present,,Occasional,Native,,Approved
ACAD,Vascular Plant,Poales,Cyperaceae,202019,Carex canescens ssp. disjuncta,,Silvery Sedge,Present,,Occasional,Native,,Approved
ACAD,Vascular Plant,Poales,Cyperaceae,146126,Carex communis,,Fibrous-rooted Sedge,Present,,Common,Native,,Approved
ACAD,Vascular Plant,Poales,Cyperaceae,146132,Carex conoidea,,Field Sedge,Present,,Uncommon,Native,,Approved
ACAD,Vascular Plant,Poales,Cyperaceae,146135,Carex crawfordii,,Crawford's Sedge,Present,,Occasional,Native,,Approved
ACAD,Vascular Plant,Poales,Cyperaceae,144440,Carex crinita var. crinita,,Sickle-grass,Not In Park,Historical,,Native,,Approved
ACAD,Vascular Plant,Poales,Cyperaceae,146141,Carex cumulata,,Clustered Sedge,Present,,Common,Native,,Approved
ACAD,Vascular Plant,Poales,Cyperaceae,211801,Carex debilis var. rudgei,,Slender-stalked Sedge,Present,,Common,Native,,Approved
ACAD,Vascular Plant,Poales,Cyperaceae,146151,Carex deflexa,,Northern Sedge,Unconfirmed,,,Native,,Approved
ACAD,Vascular Plant,Poales,Cyperaceae,146153,Carex deweyana,,Dewey's Sedge,Present,,Uncommon,Native,,Approved
ACAD,Vascular Plant,Poales,Cyperaceae,146155,Carex disperma,,Two-seeded Sedge,Present,,Occasional,Native,,Approved
ACAD,Vascular Plant,Poales,Cyperaceae,146162,Carex echinata ssp. echinata,,Star Sedge,Present,,Occasional,Native,,Approved
ACAD,Vascular Plant,Poales,Cyperaceae,145349,Carex exilis,,Coast Sedge,Present,,Occasional,Native,,Approved
ACAD,Vascular Plant,Poales,Cyperaceae,146188,Carex flava,,Small Yellow Sedge,Present,,Uncommon,Native,,Approved
ACAD,Vascular Plant,Poales,Cyperaceae,146189,Carex foenea,,Wind Sedge,Present,,Uncommon,Native,,Approved
ACAD,Vascular Plant,Poales,Cyperaceae,144445,Carex folliculata,,Long Sedge,Present,,Occasional,Native,,Approved
ACAD,Vascular Plant,Poales,Cyperaceae,146204,Carex gracillima,,Graceful Sedge,Present,,Common,Native,,Approved
ACAD,Vascular Plant,Poales,Cyperaceae,146207,Carex gynandra,,Sickle-grass,Present,,Common,Native,,Approved
ACAD,Vascular Plant,Poales,Cyperaceae,146215,Carex haydenii,,Hayden's Sedge,Unconfirmed,,,Native,,Approved
ACAD,Vascular Plant,Poales,Cyperaceae,144452,Carex hormathodes,,Marsh Straw Sedge,Present,,Occasional,Native,,Approved
ACAD,Vascular Plant,Poales,Cyperaceae,146230,Carex houghtoniana,,Houghton's Sedge,Present,,Uncommon,Native,,Approved
ACAD,Vascular Plant,Poales,Cyperaceae,145333,Carex hystericina,,Porcupine Sedge,Unconfirmed,,,Native,,Approved
ACAD,Vascular Plant,Poales,Cyperaceae,144458,Carex intumescens,,Bladder Sedge,Present,,Occasional,Native,,Approved
ACAD,Vascular Plant,Poales,Cyperaceae,144464,Carex lacustris,,Lakebank Sedge,Present,,Occasional,Native,,Approved
ACAD,Vascular Plant,Poales,Cyperaceae,144466,Carex laevivaginata,,Wooly Sedge,Unconfirmed,,,Native,,Approved
ACAD,Vascular Plant,Poales,Cyperaceae,211844,Carex lasiocarpa var. americana,,Slender Sedge,Present,,Common,Native,,Approved
ACAD,Vascular Plant,Poales,Cyperaceae,146250,Carex laxiflora,,Loose-flowered Sedge,Present,,Uncommon,Native,,Approved
ACAD,Vascular Plant,Poales,Cyperaceae,146253,Carex lenticularis,,Shore Sedge,Present,,Uncommon,Native,,Approved
ACAD,Vascular Plant,Poales,Cyperaceae,146257,Carex leptalea,,Bristle-stalked Sedge,Present,,Uncommon,Native,,Approved
ACAD,Vascular Plant,Poales,Cyperaceae,147087,Carex leptonervia,,Nerveless Woodland Sedge,Present,,Uncommon,Native,,Approved
ACAD,Vascular Plant,Poales,Cyperaceae,147091,Carex limosa,,Mud Sedge,Present,,Uncommon,Native,,Approved
ACAD,Vascular Plant,Poales,Cyperaceae,156504,Carex lucorum,,Blue Ridge sedge,Present,,Common,Native,,Approved
ACAD,Vascular Plant,Poales,Cyperaceae,144469,Carex lupulina,,Hop Sedge,Unconfirmed,,,Native,,Approved
ACAD,Vascular Plant,Poales,Cyperaceae,144470,Carex lurida,,Sallow Sedge,Present,,Occasional,Native,,Approved
ACAD,Vascular Plant,Poales,Cyperaceae,144472,Carex mackenziei,,Mackenziei's Sedge,Unconfirmed,,,Native,,Approved
ACAD,Vascular Plant,Poales,Cyperaceae,202594,Carex magellanica ssp. irrigua,,Bog Sedge,Present,,Occasional,Native,,Approved
ACAD,Vascular Plant,Poales,Cyperaceae,147114,Carex michauxiana,,Michaux's Sedge,Unconfirmed,,,Native,,Approved
ACAD,Vascular Plant,Poales,Cyperaceae,137561,Carex nigra,,Black Sedge,Present,,Occasional,Native,,Approved
ACAD,Vascular Plant,Poales,Cyperaceae,137565,Carex normalis,,Greater Straw Sedge,Present,,Uncommon,Native,,Approved
ACAD,Vascular Plant,Poales,Cyperaceae,145351,Carex novae-angliae,,New England Sedge,Present,,Occasional,Native,,Approved
ACAD,Vascular Plant,Poales,Cyperaceae,137574,Carex oligosperma,,Few-seeded Sedge,Present,,Uncommon,Native,,Approved
ACAD,Vascular Plant,Poales,Cyperaceae,137579,Carex ormostachya,,Necklace Spike Sedge,Present,,Rare,Native,,Approved
ACAD,Vascular Plant,Poales,Cyperaceae,137583,Carex paleacea,,Seaside Sedge,Present,,Occasional,Native,,Approved
ACAD,Vascular Plant,Poales,Cyperaceae,137584,Carex pallescens,,Pale Sedge,Present,,Common,Native,,Approved
ACAD,Vascular Plant,Poales,Cyperaceae,137585,Carex panicea,,Millet Sedge,Unconfirmed,,,Non-native,,Approved
ACAD,Vascular Plant,Poales,Cyperaceae,137590,Carex pauciflora,,Few-flowered Sedge,Present,,Occasional,Native,,Approved
ACAD,Vascular Plant,Poales,Cyperaceae,144482,Carex projecta,,Beaded Broom Sedge,Present,,Occasional,Native,,Approved
ACAD,Vascular Plant,Poales,Cyperaceae,145340,Carex pseudocyperus,,Cyperus Sedge,Present,,Uncommon,Native,,Approved
ACAD,Vascular Plant,Poales,Cyperaceae,137628,Carex radiata,,Eastern Star Sedge,Present,,Rare,Native,,Approved
ACAD,Vascular Plant,Poales,Cyperaceae,137632,Carex recta,,saltmarsh sedge,Present,,Rare,Native,,Approved
ACAD,Vascular Plant,Poales,Cyperaceae,138179,Carex scabrata,,Rough Sedge,Present,,Uncommon,Native,,Approved
ACAD,Vascular Plant,Poales,Cyperaceae,145307,Carex scoparia,,Pointed Broom Sedge,Present,,Common,Native,,Approved
ACAD,Vascular Plant,Poales,Cyperaceae,138191,Carex silicea,,Sandy Sedge,Present,,Uncommon,Native,,Approved
ACAD,Vascular Plant,Poales,Cyperaceae,145309,Carex stipata,,Awl Sedge,Present,,Common,Native,,Approved
ACAD,Vascular Plant,Poales,Cyperaceae,145310,Carex stricta,,Tussock Sedge,Present,,Occasional,Native,,Approved
ACAD,Vascular Plant,Poales,Cyperaceae,138227,Carex tenera,,Quill Sedge,Present,,Occasional,Native,,Approved
ACAD,Vascular Plant,Poales,Cyperaceae,138236,Carex tonsa,,deep green sedge,Present,,Occasional,Native,,Approved
ACAD,Vascular Plant,Poales,Cyperaceae,138238,Carex torta,,twisted sedge,Present,,Uncommon,Native,,Approved
ACAD,Vascular Plant,Poales,Cyperaceae,145313,Carex tribuloides,,Blunt Broom Sedge,Unconfirmed,,,Native,,Approved
ACAD,Vascular Plant,Poales,Cyperaceae,138244,Carex trisperma,,Three-seeded  sedge,Present,,Common,Native,,Approved
ACAD,Vascular Plant,Poales,Cyperaceae,206780,Carex trisperma var. billingsii,,Three-seeded  sedge,Unconfirmed,,,Native,,Approved
ACAD,Vascular Plant,Poales,Cyperaceae,138248,Carex umbellata,,Umbel-like Sedge,Present,,Rare,Native,,Approved
ACAD,Vascular Plant,Poales,Cyperaceae,151292,Carex utriculata,,Northwest Territory Sedge,Present,,Occasional,Native,,Approved
ACAD,Vascular Plant,Poales,Cyperaceae,665236,Carex vacillans,,Sedge,Present,,Rare,Native,,Approved
ACAD,Vascular Plant,Poales,Cyperaceae,145345,Carex vesicaria,,Inflated Sedge,Present,,Occasional,Native,,Approved
ACAD,Vascular Plant,Poales,Cyperaceae,138260,Carex viridula,,Green Sedge,Present,,Occasional,Native,,Approved
ACAD,Vascular Plant,Poales,Cyperaceae,145318,Carex vulpinoidea,,Fox Sedge,Present,,Uncommon,Native,,Approved
ACAD,Vascular Plant,Poales,Cyperaceae,138264,Carex wiegandii,,Wiegand's Sedge,Present,,Occasional,Native,,Approved
ACAD,Vascular Plant,Poales,Cyperaceae,138274,Cladium mariscoides,,Twig Rush,Present,,Uncommon,Native,,Approved
ACAD,Vascular Plant,Poales,Cyperaceae,139081,Dulichium arundinaceum,,Three-way Sedge,Present,,Occasional,Native,,Approved
ACAD,Vascular Plant,Poales,Cyperaceae,139099,Eleocharis acicularis,,Needle Sedge,Present,,Common,Native,,Approved
ACAD,Vascular Plant,Poales,Cyperaceae,155284,Eleocharis elliptica,,elliptic spike-rush,Unconfirmed,,,Native,,Approved
ACAD,Vascular Plant,Poales,Cyperaceae,139089,Eleocharis halophila,,saltmarsh spike-rush,Present,,Occasional,Native,,Approved
ACAD,Vascular Plant,Poales,Cyperaceae,139090,Eleocharis obtusa,,blunt spike-rush,Present,,Occasional,Native,,Approved
ACAD,Vascular Plant,Poales,Cyperaceae,139091,Eleocharis olivacea,,Bright Green Spike-rush,Present,,Rare,Native,,Approved
ACAD,Vascular Plant,Poales,Cyperaceae,139092,Eleocharis palustris,,Creeping Spike-rush,Present,,Uncommon,Native,,Approved
ACAD,Vascular Plant,Poales,Cyperaceae,139094,Eleocharis parvula,,Dwarf Spike-rush,Unconfirmed,,,Native,,Approved
ACAD,Vascular Plant,Poales,Cyperaceae,140209,Eleocharis robbinsii,,Robbins spike-rush,Present,,Occasional,Native,,Approved
ACAD,Vascular Plant,Poales,Cyperaceae,140212,Eleocharis tenuis,,Slender Spike-rush,Unconfirmed,,,Native,,Approved
ACAD,Vascular Plant,Poales,Cyperaceae,140223,Eriophorum angustifolium,,Tall Cotton-grass,Present,,Occasional,Native,,Approved
ACAD,Vascular Plant,Poales,Cyperaceae,140240,Eriophorum gracile,,Slender Cotton-grass,Unconfirmed,,,Native,,Approved
ACAD,Vascular Plant,Poales,Cyperaceae,140249,Eriophorum tenellum,,cotton-grass,Present,,Occasional,Native,,Approved
ACAD,Vascular Plant,Poales,Cyperaceae,209583,Eriophorum vaginatum var. spissum,,Hare's-tail,Present,,Occasional,Native,,Approved
ACAD,Vascular Plant,Poales,Cyperaceae,140251,Eriophorum virginicum,,Virginia Cotton-grass,Present,,Occasional,Native,,Approved
ACAD,Vascular Plant,Poales,Cyperaceae,140252,Eriophorum viridicarinatum,,Thin-leaved Cotton-grass,Present,,Uncommon,Native,,Approved
ACAD,Vascular Plant,Poales,Cyperaceae,140302,Rhynchospora alba,,White Beak-rush,Present,,Occasional,Native,,Approved
ACAD,Vascular Plant,Poales,Cyperaceae,140295,Rhynchospora capitellata,,beak-rush,Present,,Rare,Native,,Approved
ACAD,Vascular Plant,Poales,Cyperaceae,140857,Rhynchospora fusca,,Brown Beak-rush,Present,,Uncommon,Native,,Approved
ACAD,Vascular Plant,Poales,Cyperaceae,166989,Schoenoplectus acutus,,Great Bulrush,Present,,Uncommon,Native,,Approved
ACAD,Vascular Plant,Poales,Cyperaceae,171431,Schoenoplectus pungens,,"Three-square, Sword-grass",Present,,Rare,Native,,Approved
ACAD,Vascular Plant,Poales,Cyperaceae,167012,Schoenoplectus subterminalis,,Swaying Rush,Present,,Uncommon,Native,,Approved
ACAD,Vascular Plant,Poales,Cyperaceae,167014,Schoenoplectus tabernaemontani,,American Great Bulrush,Present,,Occasional,Native,,Approved
ACAD,Vascular Plant,Poales,Cyperaceae,140936,Scirpus atrocinctus,,blackgirdle bulrush,Present,,Occasional,Native,,Approved
ACAD,Vascular Plant,Poales,Cyperaceae,140918,Scirpus atrovirens,,green bulrush,Present,,Occasional,Native,,Approved
ACAD,Vascular Plant,Poales,Cyperaceae,140919,Scirpus cyperinus,,Wool Grass,Present,,Common,Native,,Approved
ACAD,Vascular Plant,Poales,Cyperaceae,140956,Scirpus hattorianus,,mosquito bulrush,Present,,Occasional,Native,,Approved
ACAD,Vascular Plant,Poales,Cyperaceae,140927,Scirpus microcarpus,,Small-fruited Bulrush,Present,,Occasional,Native,,Approved
ACAD,Vascular Plant,Poales,Cyperaceae,140968,Scirpus pedicellatus,,stalked bulrush,Present,,Uncommon,Native,,Approved
ACAD,Vascular Plant,Poales,Cyperaceae,201144,Trichophorum alpinum,,Alpine Cotton-grass,Present,,Uncommon,Native,,Approved
ACAD,Vascular Plant,Poales,Cyperaceae,171425,Trichophorum cespitosum,,Tufted Club-rush,Present,,Occasional,Native,,Approved
ACAD,Vascular Plant,Poales,Eriocaulaceae,156994,Eriocaulon aquaticum,,White Buttons,Present,,Occasional,Native,,Approved
ACAD,Vascular Plant,Poales,Juncaceae,143437,Juncus acuminatus,,Sharp-fruited Rush,Present,,Occasional,Native,,Approved
ACAD,Vascular Plant,Poales,Juncaceae,166667,Juncus ambiguus,,Toad Rush,Present,,Rare,Native,,Approved
ACAD,Vascular Plant,Poales,Juncaceae,228511,Juncus arcticus var. balticus,,Shore Rush,Present,,Occasional,Native,,Approved
ACAD,Vascular Plant,Poales,Juncaceae,143467,Juncus articulatus,,Jointed Rush,Unconfirmed,,,Native,,Approved
ACAD,Vascular Plant,Poales,Juncaceae,143470,Juncus brachycephalus,,"smallhead rush, small-head rush",Present,,Rare,Native,,Approved
ACAD,Vascular Plant,Poales,Juncaceae,143472,Juncus brevicaudatus,,Narrow-panicled Rush,Present,,Occasional,Native,,Approved
ACAD,Vascular Plant,Poales,Juncaceae,143443,Juncus bufonius,,Toad Rush,Present,,Occasional,Native,,Approved
ACAD,Vascular Plant,Poales,Juncaceae,143444,Juncus canadensis,,Marsh Rush,Present,,Occasional,Native,,Approved
ACAD,Vascular Plant,Poales,Juncaceae,143484,Juncus dichotomus,,Forked Rush,Present,,Uncommon,Native,,Approved
ACAD,Vascular Plant,Poales,Juncaceae,143449,Juncus effusus,,Tufted Rush,Present,,Occasional,Native,,Approved
ACAD,Vascular Plant,Poales,Juncaceae,143458,Juncus filiformis,,Thread Rush,Present,,Uncommon,Native,,Approved
ACAD,Vascular Plant,Poales,Juncaceae,143452,Juncus gerardi,,Black Grass,Present,,Occasional,Native,,Approved
ACAD,Vascular Plant,Poales,Juncaceae,143494,Juncus greenei,,Greene's Rush,Not In Park,Historical,,Native,,Approved
ACAD,Vascular Plant,Poales,Juncaceae,143454,Juncus militaris,,Bayonet Rush,Present,,Occasional,Native,,Approved
ACAD,Vascular Plant,Poales,Juncaceae,143527,Juncus pelocarpus,,Beach Rush,Present,,Occasional,Native,,Approved
ACAD,Vascular Plant,Poales,Juncaceae,144358,Juncus secundus,,Secund Rush,Not In Park,Historical,,Native,,Approved
ACAD,Vascular Plant,Poales,Juncaceae,143461,Juncus tenuis,,"Yard Rush, Path Rush",Present,,Occasional,Native,,Approved
ACAD,Vascular Plant,Poales,Juncaceae,144383,Luzula acuminata,,Woodrush,Not In Park,Historical,,Native,,Approved
ACAD,Vascular Plant,Poales,Juncaceae,144392,Luzula luzuloides,,Woodrush,Present,,Uncommon,Non-native,,Approved
ACAD,Vascular Plant,Poales,Juncaceae,144380,Luzula multiflora,,Woodrush,Present,,Occasional,Native,,Approved
ACAD,Vascular Plant,Poales,Juncaceae,201690,Luzula multiflora ssp. frigida,,Common Woodrush,Unconfirmed,,,Native,,Approved
ACAD,Vascular Plant,Poales,Juncaceae,201692,Luzula multiflora ssp. multiflora,,Common Woodrush,Present,,Occasional,Native,,Approved
ACAD,Vascular Plant,Poales,Juncaceae,289286,Luzula pallidula,,Woodrush,Present,,Uncommon,Native,,Approved
ACAD,Vascular Plant,Poales,Poaceae,142863,Agrostis canina,,Velvet Bent,Not In Park,Historical,,Native,,Approved
ACAD,Vascular Plant,Poales,Poaceae,89942,Agrostis capillaris,,Rhode Island Bent,Unconfirmed,,,Non-native,,Approved
ACAD,Vascular Plant,Poales,Poaceae,142884,Agrostis gigantea,,Redtop,Present,,Common,Non-native,,Approved
ACAD,Vascular Plant,Poales,Poaceae,142861,Agrostis hyemalis,,Ticklegrass,Unconfirmed,,,Native,,Approved
ACAD,Vascular Plant,Poales,Poaceae,142894,Agrostis perennans,,Upland Bent,Not In Park,Historical,,Native,,Approved
ACAD,Vascular Plant,Poales,Poaceae,142895,Agrostis scabra,,Fly-away Grass,Present,,Occasional,Native,,Approved
ACAD,Vascular Plant,Poales,Poaceae,142869,Agrostis stolonifera,,Redtop,Present,,Occasional,Non-native,,Approved
ACAD,Vascular Plant,Poales,Poaceae,142910,Alopecurus pratensis,,Meadow Foxtail,Present,,Occasional,Non-native,,Approved
ACAD,Vascular Plant,Poales,Poaceae,142921,Ammophila breviligulata,,Beachgrass,Present,,Uncommon,Native,,Approved
ACAD,Vascular Plant,Poales,Poaceae,140354,Anthoxanthum odoratum,,Sweet Vernal Grass,Present,,Common,Non-native,,Approved
ACAD,Vascular Plant,Poales,Poaceae,140408,Arrhenatherum elatius,,Tall Oatgrass,Present,,Uncommon,Non-native,,Approved
ACAD,Vascular Plant,Poales,Poaceae,140425,Avena sativa,,Oats,Present,,Unknown,Non-native,Cultivated,Approved
ACAD,Vascular Plant,Poales,Poaceae,153714,Brachyelytrum septentrionale,,Short-husk,Present,,Occasional,Native,,Approved
ACAD,Vascular Plant,Poales,Poaceae,142974,Bromus ciliatus,,Fringed Brome,Present,,Common,Native,,Approved
ACAD,Vascular Plant,Poales,Poaceae,142975,Bromus commutatus,,Bromegrass,Unconfirmed,,,Non-native,,Approved
ACAD,Vascular Plant,Poales,Poaceae,153759,Bromus hordeaceus,,Bromegrass,Not In Park,Historical,,Non-native,,Approved
ACAD,Vascular Plant,Poales,Poaceae,142982,Bromus inermis,,"awnless brome, smooth brome",Present,,Uncommon,Non-native,,Approved
ACAD,Vascular Plant,Poales,Poaceae,143542,Bromus racemosus,,Bromegrass,Unconfirmed,,,Non-native,,Approved
ACAD,Vascular Plant,Poales,Poaceae,143545,Bromus secalinus,,"Cheat, Bromegrass",Not In Park,Historical,,Non-native,,Approved
ACAD,Vascular Plant,Poales,Poaceae,143551,Bromus tectorum,,Bromegrass,Present,,Uncommon,Non-native,,Approved
ACAD,Vascular Plant,Poales,Poaceae,143573,Calamagrostis canadensis,,Canada Bluejoint,Present,,Common,Native,,Approved
ACAD,Vascular Plant,Poales,Poaceae,143567,Calamagrostis pickeringii,,Pickering's Reedgrass,Present,,Rare,Native,,Approved
ACAD,Vascular Plant,Poales,Poaceae,201941,Calamagrostis stricta ssp. inexpansa,,Northern Reedgrass,Present,,Rare,Native,,Approved
ACAD,Vascular Plant,Poales,Poaceae,143617,Cinna latifolia,,Slender Wood Reed,Present,,Uncommon,Native,,Approved
ACAD,Vascular Plant,Poales,Poaceae,141939,Cynosurus cristatus,,Crested Dog's Tail,Unconfirmed,,,Non-native,,Approved
ACAD,Vascular Plant,Poales,Poaceae,103360,Dactylis glomerata,,Orchard Grass,Present,,Occasional,Non-native,,Approved
ACAD,Vascular Plant,Poales,Poaceae,141953,Danthonia compressa,,Wild Oatgrass,Present,,Rare,Native,,Approved
ACAD,Vascular Plant,Poales,Poaceae,141959,Danthonia spicata,,Poverty Grass,Present,,Common,Native,,Approved
ACAD,Vascular Plant,Poales,Poaceae,143619,Deschampsia caespitosa,,Tufted Hairgrass,Present,,Occasional,Native,,Approved
ACAD,Vascular Plant,Poales,Poaceae,143629,Deschampsia flexuosa,,Common Hairgrass,Present,,Common,Native,,Approved
ACAD,Vascular Plant,Poales,Poaceae,141964,Dichanthelium commutatum,,Variable Panic Grass,Unconfirmed,,,Native,,Approved
ACAD,Vascular Plant,Poales,Poaceae,144496,Digitaria ischaemum,,Small Crabgrass,Present,,Occasional,Non-native,,Approved
ACAD,Vascular Plant,Poales,Poaceae,143640,Digitaria sanguinalis,,Northern Crabgrass,Present,,Uncommon,Non-native,,Approved
ACAD,Vascular Plant,Poales,Poaceae,155230,Echinochloa crus-galli,,Barnyard Grass,Present,,Occasional,Non-native,,Approved
ACAD,Vascular Plant,Poales,Poaceae,178082,Elymus repens,,"Witchgrass, Quackgrass",Present,,Common,Non-native,,Approved
ACAD,Vascular Plant,Poales,Poaceae,156082,Elymus trachycaulus,,Bearded Wheatgrass,Present,,Uncommon,Native,,Approved
ACAD,Vascular Plant,Poales,Poaceae,211966,Elymus virginicus var. halophilus,,Virginia Wild Rye,Present,,Occasional,Native,,Approved
ACAD,Vascular Plant,Poales,Poaceae,211973,Elymus virginicus var. virginicus,,"Terrell Grass, Virginia wild rye",Present,,Occasional,Native,,Approved
ACAD,Vascular Plant,Poales,Poaceae,144587,Eragrostis cilianensis,,"Stinkgrass, Skunkgrass",Unconfirmed,,,Non-native,,Approved
ACAD,Vascular Plant,Poales,Poaceae,287416,Festuca filiformis,,Fescue,Present,,Common,Non-native,,Approved
ACAD,Vascular Plant,Poales,Poaceae,292437,Festuca ovina,,Sheep's Fescue,Present,,Uncommon,Non-native,,Approved
ACAD,Vascular Plant,Poales,Poaceae,145632,Festuca rubra,,Fescue,Present,,Common,Native,,Approved
ACAD,Vascular Plant,Poales,Poaceae,159921,Festuca trachyphylla,,Sheep's Fescue,Unconfirmed,,,Non-native,,Approved
ACAD,Vascular Plant,Poales,Poaceae,145683,Glyceria borealis,,"northern mannagrass, small floating manna grass, small floating mannagrass",Present,,Uncommon,Native,,Approved
ACAD,Vascular Plant,Poales,Poaceae,145684,Glyceria canadensis,,Rattlesnake Grass,Present,,Occasional,Native,,Approved
ACAD,Vascular Plant,Poales,Poaceae,145686,Glyceria fluitans,,Floating Mannagrass,Unconfirmed,,,Native,,Approved
ACAD,Vascular Plant,Poales,Poaceae,158120,Glyceria grandis,,Reed Meadow Grass,Present,,Uncommon,Native,,Approved
ACAD,Vascular Plant,Poales,Poaceae,145691,Glyceria melicaria,,Slender Mannagrass,Not In Park,Historical,,Native,,Approved
ACAD,Vascular Plant,Poales,Poaceae,145673,Glyceria obtusa,,Blunt Mannagrass,Present,,Occasional,Native,,Approved
ACAD,Vascular Plant,Poales,Poaceae,145674,Glyceria striata,,Fowl-meadow Grass,Present,,Occasional,Native,,Approved
ACAD,Vascular Plant,Poales,Poaceae,292439,Hierochloe odorata,,Sweetgrass,Present,,Uncommon,Native,,Approved
ACAD,Vascular Plant,Poales,Poaceae,146261,Hordeum jubatum,,Squirrel-tail Grass,Present,,Uncommon,Native,,Approved
ACAD,Vascular Plant,Poales,Poaceae,146264,Hordeum vulgare,,Barley,Unconfirmed,,,Non-native,,Approved
ACAD,Vascular Plant,Poales,Poaceae,146277,Leersia oryzoides,,Rice Cutgrass,Unconfirmed,,,Native,,Approved
ACAD,Vascular Plant,Poales,Poaceae,161557,Leymus mollis,,"Sea Lyme Grass, Strand Wheat",Present,,Occasional,Native,,Approved
ACAD,Vascular Plant,Poales,Poaceae,169451,Lolium arundinaceum,,Fescue,Unconfirmed,,,Non-native,,Approved
ACAD,Vascular Plant,Poales,Poaceae,146284,Lolium multiflorum,,Italian Ryegrass,Unconfirmed,,,Non-native,,Approved
ACAD,Vascular Plant,Poales,Poaceae,146285,Lolium perenne,,"Common Darnel, Perennial Ryegrass",Not In Park,Historical,,Non-native,,Approved
ACAD,Vascular Plant,Poales,Poaceae,169460,Lolium pratense,,Taller Fescue,Present,,Uncommon,Non-native,,Approved
ACAD,Vascular Plant,Poales,Poaceae,144135,Molinia caerulea,,Moorgrass,Present,,Rare,Non-native,,Approved
ACAD,Vascular Plant,Poales,Poaceae,144182,Muhlenbergia glomerata,,WIld Timothy,Present,,Uncommon,Native,,Approved
ACAD,Vascular Plant,Poales,Poaceae,144205,Muhlenbergia schreberi,,"Dropseed, Nimble Will",Not In Park,Historical,,Native,,Approved
ACAD,Vascular Plant,Poales,Poaceae,144213,Muhlenbergia uniflora,,bog muhly,Present,,Uncommon,Native,,Approved
ACAD,Vascular Plant,Poales,Poaceae,145067,Oryzopsis asperifolia,,Rough Mountain Rice,Present,,Common,Native,,Approved
ACAD,Vascular Plant,Poales,Poaceae,145073,Oryzopsis canadensis,,Canadian Ricegrass,Present,,Rare,Native,,Approved
ACAD,Vascular Plant,Poales,Poaceae,145071,Oryzopsis pungens,,Mountain Ricegrass,Present,,Uncommon,Native,,Approved
ACAD,Vascular Plant,Poales,Poaceae,188478,Panicum boreale,,Northern Panic Grass,Present,,Uncommon,Native,,Approved
ACAD,Vascular Plant,Poales,Poaceae,146309,Panicum capillare,,Old-witch Grass,Present,,Uncommon,Native,,Approved
ACAD,Vascular Plant,Poales,Poaceae,188541,Panicum depauperatum,,Panic Grass,Present,,Occasional,Native,,Approved
ACAD,Vascular Plant,Poales,Poaceae,188543,Panicum dichotomum,,Forked Panic Grass,Present,,Uncommon,Native,,Approved
ACAD,Vascular Plant,Poales,Poaceae,190532,Panicum linearifolium,,Panic Grass,Unconfirmed,,,Native,,Approved
ACAD,Vascular Plant,Poales,Poaceae,146344,Panicum miliaceum,,Panic Millet,Unconfirmed,,,Non-native,,Approved
ACAD,Vascular Plant,Poales,Poaceae,139359,Phalaris arundinacea,,Reed Canary Grass,Present,,Occasional,Native,,Approved
ACAD,Vascular Plant,Poales,Poaceae,147308,Phleum pratense,,Common Timothy,Present,,Common,Non-native,,Approved
ACAD,Vascular Plant,Poales,Poaceae,147319,Phragmites australis,,Common Reed,Present,,Rare,Native,,Approved
ACAD,Vascular Plant,Poales,Poaceae,148055,Poa annua,,Annual Bluegrass,Present,,Occasional,Non-native,,Approved
ACAD,Vascular Plant,Poales,Poaceae,147330,Poa compressa,,Canada Bluegrass,Present,,Occasional,Non-native,,Approved
ACAD,Vascular Plant,Poales,Poaceae,148098,Poa nemoralis,,Wood Meadow Grass,Present,,Common,Non-native,,Approved
ACAD,Vascular Plant,Poales,Poaceae,148104,Poa palustris,,Fowl Bluegrass,Present,,Uncommon,Native,,Approved
ACAD,Vascular Plant,Poales,Poaceae,147336,Poa pratensis,,Kentucky Bluegrass,Present,,Common,Non-native,,Approved
ACAD,Vascular Plant,Poales,Poaceae,206559,Poa pratensis ssp. angustifolia,,Slender-leaved Bluegrass,Not In Park,Historical,,Non-native,,Approved
ACAD,Vascular Plant,Poales,Poaceae,148110,Poa saltuensis,,Meadow Grass,Not In Park,Historical,,Native,,Approved
ACAD,Vascular Plant,Poales,Poaceae,148168,Puccinellia fasciculata,,Torrey Alkaligrass,Unconfirmed,,,Native,,Approved
ACAD,Vascular Plant,Poales,Poaceae,293286,Puccinellia maritima,,Common Alkali Grass,Unconfirmed,,,Native,,Approved
ACAD,Vascular Plant,Poales,Poaceae,206052,Puccinellia tenella ssp. alaskana,,Tundra Alkaligrass,Present,,Occasional,Native,,Approved
ACAD,Vascular Plant,Poales,Poaceae,145166,Schizachne purpurascens,,"false melic, false melic grass",Not In Park,Historical,,Native,,Approved
ACAD,Vascular Plant,Poales,Poaceae,145997,Schizachyrium scoparium,,"Broom Beardgrass, Bluestem",Present,,Occasional,Native,,Approved
ACAD,Vascular Plant,Poales,Poaceae,146013,Secale cereale,,Rye,Unconfirmed,,,Non-native,,Approved
ACAD,Vascular Plant,Poales,Poaceae,139262,Setaria italica,,German Millet,Unconfirmed,,,Non-native,,Approved
ACAD,Vascular Plant,Poales,Poaceae,162809,Setaria pumila,,Foxtail,Present,,Uncommon,Non-native,,Approved
ACAD,Vascular Plant,Poales,Poaceae,139244,Setaria viridis,,Millet,Present,,Occasional,Non-native,,Approved
ACAD,Vascular Plant,Poales,Poaceae,139283,Spartina alterniflora,,Salt-water Cord Grass,Present,,Occasional,Native,,Approved
ACAD,Vascular Plant,Poales,Poaceae,139288,Spartina patens,,Salt-mMeadow Grass,Present,,Occasional,Native,,Approved
ACAD,Vascular Plant,Poales,Poaceae,139289,Spartina pectinata,,Fresh-water Cord Grass,Present,,Uncommon,Native,,Approved
ACAD,Vascular Plant,Poales,Poaceae,139291,Spartina X caespitosa,,Marsh Cord Grass,Unconfirmed,,,Native,,Approved
ACAD,Vascular Plant,Poales,Poaceae,162536,Torreyochloa pallida,,Pale Mannagrass,Unconfirmed,,,Native,,Approved
ACAD,Vascular Plant,Poales,Poaceae,139313,Trisetum spicatum,,narrow false oat,Unconfirmed,,,Native,,Approved
ACAD,Vascular Plant,Poales,Poaceae,146727,Triticum aestivum,,Wheat,Unconfirmed,,,Non-native,,Approved
ACAD,Vascular Plant,Poales,Poaceae,139341,Zizania aquatica,,Wild Rice,Present,,Uncommon,Native,,Approved
ACAD,Vascular Plant,Poales,Typhaceae,147646,Sparganium americanum,,Lesser Bur Reed,Present,,Occasional,Native,,Approved
ACAD,Vascular Plant,Poales,Typhaceae,147654,Sparganium androcladum,,Bur Reed,Not In Park,Historical,,Native,,Approved
ACAD,Vascular Plant,Poales,Typhaceae,147651,Sparganium angustifolium,,Narrow-leaved Bur Reed,Present,,Occasional,Native,,Approved
ACAD,Vascular Plant,Poales,Typhaceae,164009,Sparganium erectum,,Bur Reed,Present,,Uncommon,Native,,Approved
ACAD,Vascular Plant,Poales,Typhaceae,147655,Sparganium fluctuans,,Bur Reed,Present,,Occasional,Native,,Approved
ACAD,Vascular Plant,Poales,Typhaceae,168345,Sparganium natans,,Least Bur Reed,Present,,Uncommon,Native,,Approved
ACAD,Vascular Plant,Poales,Typhaceae,147659,Typha angustifolia,,Narrow-leaved Cattail,Present,,Rare,Native,,Approved
ACAD,Vascular Plant,Poales,Typhaceae,147660,Typha latifolia,,Common Cattail,Present,,Occasional,Native,,Approved
ACAD,Vascular Plant,Poales,Xyridaceae,142343,Xyris difformis,,Yellow-eyed Grass,Present,,Rare,Native,,Approved
ACAD,Vascular Plant,Poales,Xyridaceae,142353,Xyris montana,,Dwarf Yellow-eyed Grass,Present,,Uncommon,Native,,Approved
ACAD,Vascular Plant,Polypodiales,Aspleniaceae,75927,Asplenium trichomanes,,Maidenhair Spleenwort,Present,,Rare,Native,,Approved
ACAD,Vascular Plant,Polypodiales,Athyriaceae,79029,Athyrium filix-femina ssp. angustum,,Lady Fern,Present,,Occasional,Native,,Approved
ACAD,Vascular Plant,Polypodiales,Athyriaceae,157148,Deparia acrostichoides,,Silvery Spleenwort,Present,,Rare,Native,,Approved
ACAD,Vascular Plant,Polypodiales,Blechnaceae,85436,Woodwardia virginica,,Virginian Chain Fern,Present,,Rare,Native,,Approved
ACAD,Vascular Plant,Polypodiales,Cystopteridaceae,84468,Cystopteris fragilis,,Upland Brittle Fern,Present,,Rare,Native,,Approved
ACAD,Vascular Plant,Polypodiales,Cystopteridaceae,156241,Cystopteris tenuis,,Upland Brittle Fern,Unconfirmed,,,Native,,Approved
ACAD,Vascular Plant,Polypodiales,Cystopteridaceae,83130,Gymnocarpium dryopteris,,"Oak Fern, Triplet Fern",Present,,Occasional,Native,,Approved
ACAD,Vascular Plant,Polypodiales,Dennstaedtiaceae,85503,Dennstaedtia punctilobula,,Hay-scented Fern,Present,,Common,Native,,Approved
ACAD,Vascular Plant,Polypodiales,Dennstaedtiaceae,217043,Pteridium aquilinum var. latiusculum,,Eastern Bracken,Present,,Common,Native,,Approved
ACAD,Vascular Plant,Polypodiales,Dryopteridaceae,79473,Dryopteris campyloptera,,Mountain Wood Fern,Present,,Occasional,Native,,Approved
ACAD,Vascular Plant,Polypodiales,Dryopteridaceae,154417,Dryopteris carthusiana,,Toothed Wood Fern,Present,,Common,Native,,Approved
ACAD,Vascular Plant,Polypodiales,Dryopteridaceae,79507,Dryopteris clintoniana,,Clinton's Wood Fern,Present,,Uncommon,Native,,Approved
ACAD,Vascular Plant,Polypodiales,Dryopteridaceae,79518,Dryopteris cristata,,Crested Wood Fern,Present,,Occasional,Native,,Approved
ACAD,Vascular Plant,Polypodiales,Dryopteridaceae,79573,Dryopteris fragrans,,Fragrant Cliff Fern,Present,,Rare,Native,,Approved
ACAD,Vascular Plant,Polypodiales,Dryopteridaceae,80398,Dryopteris intermedia,,Evergreen Wood Fern,Present,,Common,Native,,Approved
ACAD,Vascular Plant,Polypodiales,Dryopteridaceae,80432,Dryopteris marginalis,,Marginal Shield Fern,Present,,Common,Native,,Approved
ACAD,Vascular Plant,Polypodiales,Dryopteridaceae,80509,Dryopteris X triploidea,,wood fern,Not In Park,Historical,,Native,,Approved
ACAD,Vascular Plant,Polypodiales,Dryopteridaceae,80311,Polystichum acrostichoides,,Christmas Fern,Present,,Occasional,Native,,Approved
ACAD,Vascular Plant,Polypodiales,Onocleaceae,76674,Onoclea sensibilis,,"Sensitive Fern, Beadfern",Present,,Common,Native,,Approved
ACAD,Vascular Plant,Polypodiales,Polypodiaceae,157672,Polypodium appalachianum,,Appalachian polypody,Present,,Occasional,Native,,Approved
ACAD,Vascular Plant,Polypodiales,Polypodiaceae,76250,Polypodium virginianum,,Rock Polypody,Present,,Occasional,Native,,Approved
ACAD,Vascular Plant,Polypodiales,Thelypteridaceae,160700,Phegopteris connectilis,,"Long Beech Fern, Spearhead Fern",Present,,Occasional,Native,,Approved
ACAD,Vascular Plant,Polypodiales,Thelypteridaceae,77265,Thelypteris noveboracensis,,New York Fern,Present,,Common,Native,,Approved
ACAD,Vascular Plant,Polypodiales,Thelypteridaceae,219890,Thelypteris palustris var. pubescens,,Marsh Fern,Present,,Occasional,Native,,Approved
ACAD,Vascular Plant,Polypodiales,Thelypteridaceae,78191,Thelypteris simulata,,Massachusetts Fern,Unconfirmed,,,Native,,Approved
ACAD,Vascular Plant,Polypodiales,Woodsiaceae,84658,Woodsia ilvensis,,Rusty Woodsia,Present,,Uncommon,Native,,Approved
ACAD,Vascular Plant,Ranunculales,Berberidaceae,96537,Berberis thunbergii,,Japanese Barberry,Present,,Occasional,Non-native,,Approved
ACAD,Vascular Plant,Ranunculales,Berberidaceae,96559,Berberis vulgaris,,Common Barberry,Present,,Uncommon,Non-native,,Approved
ACAD,Vascular Plant,Ranunculales,Papaveraceae,101329,Adlumia fungosa,,"Allegheny vine, climbing fumitory, mountain-fringe",Present,,Rare,Native,,Approved
ACAD,Vascular Plant,Ranunculales,Papaveraceae,153799,Chelidonium majus,,Celandine,Present,,Uncommon,Non-native,,Approved
ACAD,Vascular Plant,Ranunculales,Papaveraceae,100216,Corydalis sempervirens,,Pale or Pink Corydalis,Present,,Uncommon,Native,,Approved
ACAD,Vascular Plant,Ranunculales,Papaveraceae,287445,Fumaria officinalis,,Fumitory,Unconfirmed,,,Non-native,,Approved
ACAD,Vascular Plant,Ranunculales,Ranunculaceae,95187,Actaea pachypoda,,"White Baneberry, Doll's Eyes",Present,,Uncommon,Native,,Approved
ACAD,Vascular Plant,Ranunculales,Ranunculaceae,95198,Actaea rubra,,Red Baneberry,Present,,Uncommon,Native,,Approved
ACAD,Vascular Plant,Ranunculales,Ranunculaceae,90449,Anemone quinquefolia,,"Wood Anemone, Windflower",Present,,Occasional,Native,,Approved
ACAD,Vascular Plant,Ranunculales,Ranunculaceae,96201,Aquilegia canadensis,,Wild Columbine,Present,,Uncommon,Native,,Approved
ACAD,Vascular Plant,Ranunculales,Ranunculaceae,97207,Aquilegia vulgaris,,Garden Columbine,Present,,Uncommon,Non-native,,Approved
ACAD,Vascular Plant,Ranunculales,Ranunculaceae,91048,Caltha palustris,,"Marsh Marigold, Cowslip",Unconfirmed,,,Native,,Approved
ACAD,Vascular Plant,Ranunculales,Ranunculaceae,93925,Clematis virginiana,,Virgin's Bower,Unconfirmed,,,Native,,Approved
ACAD,Vascular Plant,Ranunculales,Ranunculaceae,98736,Coptis trifolia,,Goldthread,Present,,Common,Native,,Approved
ACAD,Vascular Plant,Ranunculales,Ranunculaceae,92438,Ranunculus abortivus,,Small-flowered Crowfoot,Unconfirmed,,,Native,,Approved
ACAD,Vascular Plant,Ranunculales,Ranunculaceae,94560,Ranunculus acris,,Tall Buttercup,Present,,Common,Unknown,,Approved
ACAD,Vascular Plant,Ranunculales,Ranunculaceae,292998,Ranunculus aquatilis var. diffusus,,White Water Buttercup,Unconfirmed,,,Native,,Approved
ACAD,Vascular Plant,Ranunculales,Ranunculaceae,95479,Ranunculus bulbosus,,Bulbous Buttercup,Unconfirmed,,,Unknown,,Approved
ACAD,Vascular Plant,Ranunculales,Ranunculaceae,96869,Ranunculus cymbalaria,,Seaside Crowfoot,Unconfirmed,,,Native,,Approved
ACAD,Vascular Plant,Ranunculales,Ranunculaceae,236578,Ranunculus flammula var. reptans,,Creeping Spearwort,Present,,Rare,Native,,Approved
ACAD,Vascular Plant,Ranunculales,Ranunculaceae,89133,Ranunculus recurvatus,,Hooked Crowfoot,Unconfirmed,,,Unknown,,Approved
ACAD,Vascular Plant,Ranunculales,Ranunculaceae,89144,Ranunculus repens,,Creeping Buttercup,Present,,Common,Non-native,,Approved
ACAD,Vascular Plant,Ranunculales,Ranunculaceae,91519,Thalictrum pubescens,,Tall Meadow Rue,Present,,Occasional,Native,,Approved
ACAD,Vascular Plant,Ranunculales,Ranunculaceae,94924,Xanthorhiza simplicissima,,Shrub Yellowroot,Present,,Rare,Non-native,,Approved
ACAD,Vascular Plant,Rosales,Cannabaceae,100751,Humulus lupulus,,Common Hop,Present,,Uncommon,Native,,Approved
ACAD,Vascular Plant,Rosales,Rhamnaceae,161885,Frangula alnus,,Alder Buckthorn,Present,,Occasional,Non-native,,Approved
ACAD,Vascular Plant,Rosales,Rhamnaceae,124803,Rhamnus cathartica,,Common Buckthorn,Unconfirmed,,,Non-native,,Approved
ACAD,Vascular Plant,Rosales,Rosaceae,129567,Agrimonia gryposepala,,Agrimony,Not In Park,Historical,,Native,,Approved
ACAD,Vascular Plant,Rosales,Rosaceae,129585,Amelanchier arborea,,Common Shadbush,Present,,Occasional,Native,,Approved
ACAD,Vascular Plant,Rosales,Rosaceae,129586,Amelanchier bartramiana,,Mountain Shadbush,Present,,Uncommon,Native,,Approved
ACAD,Vascular Plant,Rosales,Rosaceae,129587,Amelanchier canadensis,,Swamp Shadbush,Present,,Occasional,Native,,Approved
ACAD,Vascular Plant,Rosales,Rosaceae,129589,Amelanchier interior,,Shadbush,Present,,Rare,Native,,Approved
ACAD,Vascular Plant,Rosales,Rosaceae,92988,Amelanchier laevis,,Smooth Shadbush,Present,,Common,Native,,Approved
ACAD,Vascular Plant,Rosales,Rosaceae,92989,Amelanchier nantucketensis,,Shadbush,Present,,Rare,Native,,Approved
ACAD,Vascular Plant,Rosales,Rosaceae,129594,Amelanchier sanguinea,,Gaspe Shadbush,Unconfirmed,,,Native,,Approved
ACAD,Vascular Plant,Rosales,Rosaceae,291779,Amelanchier stolonifera,,Running Shadbush,Present,,Occasional,Native,,Approved
ACAD,Vascular Plant,Rosales,Rosaceae,129590,Amelanchier X intermedia,,Shadbush,Present,,Occasional,Native,,Approved
ACAD,Vascular Plant,Rosales,Rosaceae,91112,Argentina anserina,,Silverweed,Present,,Occasional,Native,,Approved
ACAD,Vascular Plant,Rosales,Rosaceae,91118,Argentina egedii ssp. groenlandica,,Coastal Silverweed,Unconfirmed,,,Native,,Approved
ACAD,Vascular Plant,Rosales,Rosaceae,129607,Aruncus dioicus,,Goat's Beard,Present,,Uncommon,Non-native,,Approved
ACAD,Vascular Plant,Rosales,Rosaceae,155907,Comarum palustre,,"Marsh Cinquefoil, Purple Cinquefoil",Present,,Rare,Native,,Approved
ACAD,Vascular Plant,Rosales,Rosaceae,125355,Crataegus brainerdii,,Hawthorn,Not In Park,Historical,,Native,,Approved
ACAD,Vascular Plant,Rosales,Rosaceae,177489,Crataegus brunetiana,,Hawthorn,Unconfirmed,,,Native,,Approved
ACAD,Vascular Plant,Rosales,Rosaceae,125357,Crataegus chrysocarpa,,Hawthorn,Unconfirmed,,,Native,,Approved
ACAD,Vascular Plant,Rosales,Rosaceae,125362,Crataegus crus-galli,,Hawthorn,Present,,Uncommon,Native,,Approved
ACAD,Vascular Plant,Rosales,Rosaceae,152524,Crataegus jonesiae,,Hawthorn,Present,,Uncommon,Native,,Approved
ACAD,Vascular Plant,Rosales,Rosaceae,178503,Crataegus macracantha,,Hawthorn,Unconfirmed,,,Native,,Approved
ACAD,Vascular Plant,Rosales,Rosaceae,152545,Crataegus macrosperma,,Hawthorn,Present,,Uncommon,Native,,Approved
ACAD,Vascular Plant,Rosales,Rosaceae,126202,Crataegus monogyna,,"oneseed hawthorn, singleseed hawthorn",Present,,Occasional,Native,,Approved
ACAD,Vascular Plant,Rosales,Rosaceae,152574,Crataegus pedicellata,,Hawthorn,Unconfirmed,,,Native,,Approved
ACAD,Vascular Plant,Rosales,Rosaceae,126223,Crataegus succulenta,,Hawthorn,Present,,Rare,Native,,Approved
ACAD,Vascular Plant,Rosales,Rosaceae,129651,Filipendula rubra,,Queen of the Prairie,Present,,Rare,Non-native,,Approved
ACAD,Vascular Plant,Rosales,Rosaceae,129652,Filipendula ulmaria,,Queen of the Meadow,Not In Park,Historical,,Non-native,,Approved
ACAD,Vascular Plant,Rosales,Rosaceae,129653,Filipendula vulgaris,,Dropwort,Present,,Uncommon,Non-native,,Approved
ACAD,Vascular Plant,Rosales,Rosaceae,126258,Fragaria vesca ssp. americana,,Wood Strawberry,Unconfirmed,,,Native,,Approved
ACAD,Vascular Plant,Rosales,Rosaceae,126261,Fragaria virginiana,,Wild Strawberry,Present,,Common,Native,,Approved
ACAD,Vascular Plant,Rosales,Rosaceae,126252,Fragaria X ananassa,,Garden Strawberry,Unconfirmed,,,Non-native,,Approved
ACAD,Vascular Plant,Rosales,Rosaceae,126270,Geum aleppicum,,Yellow Avens,Unconfirmed,,,Native,,Approved
ACAD,Vascular Plant,Rosales,Rosaceae,126268,Geum canadense,,Avens,Present,,Uncommon,Native,,Approved
ACAD,Vascular Plant,Rosales,Rosaceae,126283,Geum rivale,,"Water Avens, Purple Avens",Present,,Uncommon,Native,,Approved
ACAD,Vascular Plant,Rosales,Rosaceae,290403,Malus sylvestris,,Apple,Present,,Occasional,Non-native,,Approved
ACAD,Vascular Plant,Rosales,Rosaceae,160582,Pentaphylloides floribunda,,Shrubby Cinquefoil,Present,,Rare,Native,,Approved
ACAD,Vascular Plant,Rosales,Rosaceae,290072,Photinia melanocarpa,,Black Chokeberry,Present,,Common,Native,,Approved
ACAD,Vascular Plant,Rosales,Rosaceae,120339,Physocarpus opulifolius,,Ninebark,Present,,Occasional,Non-native,,Approved
ACAD,Vascular Plant,Rosales,Rosaceae,126319,Potentilla argentea,,Silvery Cinquefoil,Present,,Occasional,Non-native,,Approved
ACAD,Vascular Plant,Rosales,Rosaceae,126993,Potentilla canadensis,,Dwarf Cinquefoil,Unconfirmed,,,Native,,Approved
ACAD,Vascular Plant,Rosales,Rosaceae,127030,Potentilla norvegica,,Rough Cinquefoil,Present,,Occasional,Native,,Approved
ACAD,Vascular Plant,Rosales,Rosaceae,127036,Potentilla pensylvanica,,cinquefoil,Unconfirmed,,,Native,,Approved
ACAD,Vascular Plant,Rosales,Rosaceae,215902,Potentilla pensylvanica var. pectinata,,cinquefoil,Unconfirmed,,,Native,,Approved
ACAD,Vascular Plant,Rosales,Rosaceae,127043,Potentilla recta,,Rough-fruited Cinquefoil,Present,,Uncommon,Non-native,,Approved
ACAD,Vascular Plant,Rosales,Rosaceae,127053,Potentilla simplex,,Common Cinquefoil,Present,,Common,Native,,Approved
ACAD,Vascular Plant,Rosales,Rosaceae,127074,Prunus avium,,Sweet Cherry,Present,,Unknown,Non-native,Cultivated,Approved
ACAD,Vascular Plant,Rosales,Rosaceae,127096,Prunus maritima,,Beach Plum,Unconfirmed,,,Native,,Approved
ACAD,Vascular Plant,Rosales,Rosaceae,127102,Prunus nigra,,Canada Plum,Unconfirmed,,,Non-native,,Approved
ACAD,Vascular Plant,Rosales,Rosaceae,127105,Prunus pensylvanica,,"Pin Cherry, Fire Cherry",Present,,Common,Native,,Approved
ACAD,Vascular Plant,Rosales,Rosaceae,159832,Prunus pumila,,Dwarf Cherry,Present,,Rare,Native,,Approved
ACAD,Vascular Plant,Rosales,Rosaceae,127067,Prunus serotina,,Black Cherry,Present,,Rare,Native,,Approved
ACAD,Vascular Plant,Rosales,Rosaceae,127114,Prunus virginiana,,Choke Cherry,Present,,Common,Native,,Approved
ACAD,Vascular Plant,Rosales,Rosaceae,127924,Rosa blanda,,Smooth Rose,Not In Park,Historical,,Native,,Approved
ACAD,Vascular Plant,Rosales,Rosaceae,127927,Rosa canina,,Dog rose,Present,,Occasional,Native,,Approved
ACAD,Vascular Plant,Rosales,Rosaceae,127116,Rosa carolina,,Pasture Rose,Present,,Occasional,Native,,Approved
ACAD,Vascular Plant,Rosales,Rosaceae,291035,Rosa cinnamomea,,Cinnamon Rose,Unconfirmed,,,Non-native,,Approved
ACAD,Vascular Plant,Rosales,Rosaceae,127934,Rosa eglanteria,,"Sweet Briar, Eglantine",Unconfirmed,,,Non-native,,Approved
ACAD,Vascular Plant,Rosales,Rosaceae,127943,Rosa multiflora,,Multiflora Rose,Present,,Uncommon,Non-native,,Approved
ACAD,Vascular Plant,Rosales,Rosaceae,127944,Rosa nitida,,Early Swamp Rose,Present,,Uncommon,Native,,Approved
ACAD,Vascular Plant,Rosales,Rosaceae,127117,Rosa palustris,,Swamp Rose,Present,,Uncommon,Native,,Approved
ACAD,Vascular Plant,Rosales,Rosaceae,163451,Rosa rubrifolia,,Red-leaved Rose,Present,,Uncommon,Non-native,,Approved
ACAD,Vascular Plant,Rosales,Rosaceae,127120,Rosa rugosa,,Rugosa Rose,Present,,Occasional,Non-native,,Approved
ACAD,Vascular Plant,Rosales,Rosaceae,127951,Rosa spinosissima,,"Burnet rose, Scotch rose, Scotchbriar",Present,,Uncommon,Native,,Approved
ACAD,Vascular Plant,Rosales,Rosaceae,127119,Rosa virginiana,,Virginia Rose,Present,,Common,Native,,Approved
ACAD,Vascular Plant,Rosales,Rosaceae,158205,Rosa virginiana X nitida,,Virginia Rose,Unconfirmed,,,Native,,Approved
ACAD,Vascular Plant,Rosales,Rosaceae,127979,Rubus allegheniensis,,Common Blackberry,Present,,Occasional,Native,,Approved
ACAD,Vascular Plant,Rosales,Rosaceae,163476,Rubus canadensis,,Smooth Bramble,Unconfirmed,,,Native,,Approved
ACAD,Vascular Plant,Rosales,Rosaceae,127962,Rubus chamaemorus,,"Cloudberry, Baked-apple Berry",Present,,Rare,Native,,Approved
ACAD,Vascular Plant,Rosales,Rosaceae,665316,Rubus dalibarda,,"False Violet, Dalibarda, Dewdrop",Present,,Occasional,Native,,Approved
ACAD,Vascular Plant,Rosales,Rosaceae,128034,Rubus elegantulus,,showy blackberry,Unconfirmed,,,Native,,Approved
ACAD,Vascular Plant,Rosales,Rosaceae,128041,Rubus flagellaris,,Dewberry,Unconfirmed,,,Native,,Approved
ACAD,Vascular Plant,Rosales,Rosaceae,128048,Rubus frondosus,,Dewberry,Unconfirmed,,,Native,,Approved
ACAD,Vascular Plant,Rosales,Rosaceae,128866,Rubus hispidus,,"Swamp Dewberry, Groundberry",Present,,Occasional,Native,,Approved
ACAD,Vascular Plant,Rosales,Rosaceae,128870,Rubus idaeus,,Wild Red Raspberry,Present,,Common,Native,,Approved
ACAD,Vascular Plant,Rosales,Rosaceae,206104,Rubus idaeus ssp. strigosus,,Wild Red Raspberry,Unconfirmed,,,Native,,Approved
ACAD,Vascular Plant,Rosales,Rosaceae,128925,Rubus odoratus,,Purple-flowering Raspberry,Present,,Uncommon,Non-native,,Approved
ACAD,Vascular Plant,Rosales,Rosaceae,164373,Rubus pensilvanicus,,Dewberry,Unconfirmed,,,Native,,Approved
ACAD,Vascular Plant,Rosales,Rosaceae,128960,Rubus pubescens,,Dwarf Raspberry,Present,,Occasional,Native,,Approved
ACAD,Vascular Plant,Rosales,Rosaceae,128967,Rubus recurvicaulis,,Dewberry,Unconfirmed,,,Native,,Approved
ACAD,Vascular Plant,Rosales,Rosaceae,128979,Rubus semisetosus,,Dewberry,Unconfirmed,,,Native,,Approved
ACAD,Vascular Plant,Rosales,Rosaceae,128980,Rubus setosus,,Dewberry,Not In Park,Historical,,Native,,Approved
ACAD,Vascular Plant,Rosales,Rosaceae,158217,Rubus setosus X allegheniensis,,Dewberry,Unconfirmed,,,Native,,Approved
ACAD,Vascular Plant,Rosales,Rosaceae,235858,Rubus trifrons var. pudens,,Dewberry,Present,,Uncommon,Native,,Approved
ACAD,Vascular Plant,Rosales,Rosaceae,129547,Rubus vermontanus,,Vermont Blackberry,Unconfirmed,,,Native,,Approved
ACAD,Vascular Plant,Rosales,Rosaceae,162821,Sibbaldiopsis tridentata,,Three-toothed Cinquefoil,Present,,Common,Native,,Approved
ACAD,Vascular Plant,Rosales,Rosaceae,120371,Sorbaria sorbifolia,,False Spiraea,Present,,Unknown,Non-native,Cultivated,Approved
ACAD,Vascular Plant,Rosales,Rosaceae,120380,Sorbus americana,,American Mountain Ash,Present,,Occasional,Native,,Approved
ACAD,Vascular Plant,Rosales,Rosaceae,120382,Sorbus aucuparia,,European Mountain Ash,Present,,Occasional,Non-native,,Approved
ACAD,Vascular Plant,Rosales,Rosaceae,120384,Sorbus decora,,Mountain Ash,Present,,Occasional,Native,,Approved
ACAD,Vascular Plant,Rosales,Rosaceae,217687,Spiraea alba var. latifolia,,Meadowsweet,Present,,Common,Native,,Approved
ACAD,Vascular Plant,Rosales,Rosaceae,120398,Spiraea japonica,,Japanese Spiraea,Present,,Unknown,Non-native,Cultivated,Approved
ACAD,Vascular Plant,Rosales,Rosaceae,120406,Spiraea tomentosa,,"Steeplebush, Hardhack",Present,,Occasional,Native,,Approved
ACAD,Vascular Plant,Rosales,Ulmaceae,103023,Ulmus americana,,American Elm,Present,,Rare,Native,,Approved
ACAD,Vascular Plant,Rosales,Urticaceae,101640,Parietaria pensylvanica,,Pennsylvania Pellitory,Present,,Unknown,Non-native,,Approved
ACAD,Vascular Plant,Rosales,Urticaceae,99873,Urtica dioica,,Stinging Nettle,Present,,Uncommon,Non-native,,Approved
ACAD,Vascular Plant,Rosales,Urticaceae,99895,Urtica dioica ssp. gracilis,,Slender Nettle,Present,,Uncommon,Non-native,,Approved
ACAD,Vascular Plant,Rosales,Urticaceae,100728,Urtica urens,,Burning Nettle,Unconfirmed,,,Non-native,,Approved
ACAD,Vascular Plant,Santalales,Santalaceae,131321,Arceuthobium pusillum,,Dwarf Mistletoe,Present,,Uncommon,Native,,Approved
ACAD,Vascular Plant,Sapindales,Anacardiaceae,161908,Rhus hirta,,Staghorn Sumac,Present,,Common,Native,,Approved
ACAD,Vascular Plant,Sapindales,Anacardiaceae,126820,Toxicodendron radicans,,Poison Ivy,Present,,Rare,Native,,Approved
ACAD,Vascular Plant,Sapindales,Anacardiaceae,126821,Toxicodendron rydbergii,,Poison Ivy,Present,,Occasional,Native,,Approved
ACAD,Vascular Plant,Sapindales,Anacardiaceae,126822,Toxicodendron vernix,,Poison Sumac,Unconfirmed,,,Native,,Approved
ACAD,Vascular Plant,Sapindales,Sapindaceae,126731,Acer ginnala,,Amur maple,Present,,Rare,Native,,Approved
ACAD,Vascular Plant,Sapindales,Sapindaceae,126739,Acer negundo,,"Boxelder, Ash-leaved maple",Not In Park,Historical,,Non-native,,Approved
ACAD,Vascular Plant,Sapindales,Sapindaceae,126745,Acer pensylvanicum,,"Striped Maple, Moosewood",Present,,Common,Native,,Approved
ACAD,Vascular Plant,Sapindales,Sapindaceae,126746,Acer platanoides,,Norway maple,Present,,Occasional,Non-native,,Approved
ACAD,Vascular Plant,Sapindales,Sapindaceae,125779,Acer rubrum,,"Red Maple, Swamp Maple",Present,,Common,Native,,Approved
ACAD,Vascular Plant,Sapindales,Sapindaceae,126748,Acer saccharinum,,Silver Maple,Present,,Unknown,Non-native,Cultivated,Approved
ACAD,Vascular Plant,Sapindales,Sapindaceae,125783,Acer saccharum,,Sugar Maple,Present,,Uncommon,Native,,Approved
ACAD,Vascular Plant,Sapindales,Sapindaceae,126749,Acer spicatum,,Mountain Maple,Present,,Occasional,Native,,Approved
ACAD,Vascular Plant,Sapindales,Sapindaceae,125772,Aesculus hippocastanum,,Horse chestnut,Present,,Unknown,Native,,Approved
ACAD,Vascular Plant,Saxifragales,Crassulaceae,122463,Sedum acre,,"Mossy Stonecrop, Wallpepper",Present,,Uncommon,Non-native,,Approved
ACAD,Vascular Plant,Saxifragales,Crassulaceae,122462,Sedum rosea,,Roseroot,Present,,,Native,,Approved
ACAD,Vascular Plant,Saxifragales,Crassulaceae,122540,Sedum spurium,,Stonecrop,Present,,Unknown,Non-native,Cultivated,Approved
ACAD,Vascular Plant,Saxifragales,Crassulaceae,122547,Sedum telephium,,Live-forever,Present,,Uncommon,Non-native,,Approved
ACAD,Vascular Plant,Saxifragales,Crassulaceae,162105,Sempervivum tectorum,,Hens-and-chickens,Present,,Unknown,Non-native,Cultivated,Approved
ACAD,Vascular Plant,Saxifragales,Grossulariaceae,124447,Ribes americanum,,Wild Black Currant,Unconfirmed,,,Native,,Approved
ACAD,Vascular Plant,Saxifragales,Grossulariaceae,125266,Ribes glandulosum,,Skunk Currant,Present,,Uncommon,Native,,Approved
ACAD,Vascular Plant,Saxifragales,Grossulariaceae,125271,Ribes hirtellum,,Gooseberry,Present,,Uncommon,Native,,Approved
ACAD,Vascular Plant,Saxifragales,Grossulariaceae,125277,Ribes lacustre,,Bristly Black Currant,Not In Park,Historical,,Native,,Approved
ACAD,Vascular Plant,Saxifragales,Grossulariaceae,163382,Ribes rubrum,,Garden Currant,Present,,Rare,Non-native,,Approved
ACAD,Vascular Plant,Saxifragales,Grossulariaceae,125309,Ribes triste,,Swamp Red Currant,Unconfirmed,,,Native,,Approved
ACAD,Vascular Plant,Saxifragales,Haloragaceae,161486,Myriophyllum alterniflorum,,Slender Water Milfoil,Present,,Rare,Native,,Approved
ACAD,Vascular Plant,Saxifragales,Haloragaceae,161494,Myriophyllum tenellum,,Water Milfoil,Present,,Occasional,Native,,Approved
ACAD,Vascular Plant,Saxifragales,Haloragaceae,125173,Myriophyllum verticillatum,,Water Milfoil,Unconfirmed,,,Native,,Approved
ACAD,Vascular Plant,Saxifragales,Haloragaceae,215948,Proserpinaca palustris var. crebra,,Mermaid Weed,Unconfirmed,,,Native,,Approved
ACAD,Vascular Plant,Saxifragales,Haloragaceae,125184,Proserpinaca pectinata,,"combleaf mermaidweed, mermaidweed",Present,,Rare,Native,,Approved
ACAD,Vascular Plant,Saxifragales,Hamamelidaceae,102052,Hamamelis virginiana,,Witch Hazel,Present,,Occasional,Native,,Approved
ACAD,Vascular Plant,Saxifragales,Saxifragaceae,122558,Chrysosplenium americanum,,"Water Carpet, Golden Saxifrage",Present,,Occasional,Native,,Approved
ACAD,Vascular Plant,Saxifragales,Saxifragaceae,124402,Mitella nuda,,Naked Miterwort,Present,,Uncommon,Native,,Approved
ACAD,Vascular Plant,Saxifragales,Saxifragaceae,123484,Saxifraga virginiensis,,Early Saxifrage,Present,,Uncommon,Native,,Approved
ACAD,Vascular Plant,Saxifragales,Saxifragaceae,125338,Tiarella cordifolia,,Foam Flower,Unconfirmed,,,Native,,Approved
ACAD,Vascular Plant,Selaginellales,Selaginellaceae,75242,Selaginella rupestris,,Rock Spikemoss,Present,,Rare,Native,,Approved
ACAD,Vascular Plant,Solanales,Convolvulaceae,135175,Calystegia sepium,,Hedge Bindweed,Present,,Occasional,Native,,Approved
ACAD,Vascular Plant,Solanales,Convolvulaceae,136050,Cuscuta gronovii,,"Common Dodder, Love Vine",Present,,Uncommon,Native,,Approved
ACAD,Vascular Plant,Solanales,Solanaceae,134405,Nicandra physalodes,,Apple-of-Peru,Not In Park,Historical,,Non-native,,Approved
ACAD,Vascular Plant,Solanales,Solanaceae,132653,Solanum dulcamara,,Deadly Nightshade,Present,,Occasional,Non-native,,Approved
ACAD,Vascular Plant,Solanales,Solanaceae,287270,Solanum nigrum,,Black Nightshade,Unconfirmed,,,Non-native,,Approved
ACAD,Vascular Plant,Solanales,Solanaceae,132697,Solanum rostratum,,Buffalo Bur,Present,,Rare,Non-native,,Approved
ACAD,Vascular Plant,Vitales,Vitaceae,124836,Parthenocissus quinquefolia,,"Virginia Creeper, Woodbine",Present,,Uncommon,Native,,Approved
ACAD,Vascular Plant,Vitales,Vitaceae,124839,Parthenocissus vitacea,,"Virginia Creeper, Woodbine",Unconfirmed,,,Native,,Approved
